userId,cardId,rating
1,455,1
1,235,3
1,155,1
1,349,4
1,64,4
1,18,1
1,178,2
1,263,4
1,337,2
1,200,3
1,129,3
1,416,3
1,322,1
1,425,4
1,29,4
1,112,2
1,157,4
1,341,3
1,140,3
1,373,1
1,291,4
1,168,4
1,432,3
1,370,4
1,146,2
1,238,1
1,451,4
1,51,4
1,327,1
1,442,4
1,128,2
1,46,3
1,55,2
1,225,1
1,352,2
1,278,1
1,217,3
1,500,1
1,92,1
1,313,2
1,389,3
1,259,2
1,388,2
1,486,1
1,91,2
1,10,1
1,45,2
1,188,1
1,266,4
1,134,4
1,3,3
1,413,4
1,404,2
1,102,2
1,99,3
1,68,4
1,123,3
1,400,4
1,41,3
1,423,1
1,138,1
1,353,2
1,216,2
1,498,2
1,34,3
1,418,2
1,201,1
1,331,4
1,430,2
1,401,1
1,439,2
1,6,4
1,334,1
1,289,4
1,319,1
1,257,2
1,76,3
1,199,1
1,285,3
1,156,2
1,448,3
1,25,2
1,165,4
1,466,4
1,7,4
1,409,4
1,4,4
1,367,2
1,326,1
1,450,4
1,208,3
1,215,4
1,464,1
1,265,2
1,50,2
1,467,3
1,374,4
1,108,1
1,226,3
1,13,1
2,455,2
2,235,4
2,155,2
2,349,4
2,64,1
2,18,1
2,178,4
2,263,1
2,337,4
2,200,2
2,129,2
2,416,1
2,322,2
2,425,3
2,29,2
2,112,4
2,157,1
2,341,3
2,140,2
2,373,2
2,291,4
2,168,1
2,432,1
2,370,2
2,146,2
2,238,4
2,451,2
2,51,4
2,327,3
2,442,1
2,128,1
2,46,3
2,55,1
2,225,3
2,352,4
2,278,1
2,217,4
2,500,3
2,92,1
2,313,4
2,389,2
2,259,3
2,388,3
2,486,3
2,91,4
2,10,2
2,45,2
2,188,4
2,266,4
2,134,4
2,3,1
2,413,2
2,404,4
2,102,4
2,99,3
2,68,4
2,123,4
2,400,1
2,41,3
2,423,4
2,138,3
2,353,4
2,216,4
2,498,1
2,34,3
2,418,1
2,201,1
2,331,1
2,430,1
2,401,3
2,439,3
2,6,3
2,334,4
2,289,2
2,319,3
2,257,3
2,76,3
2,199,4
2,285,1
2,156,2
2,448,3
2,25,1
2,165,3
2,466,4
2,7,1
2,409,1
2,4,1
2,367,2
2,326,4
2,450,2
2,208,3
2,215,1
2,464,2
2,265,2
2,50,4
2,467,2
2,374,3
2,108,1
2,226,2
2,13,1
3,455,4
3,235,2
3,155,2
3,349,4
3,64,1
3,18,2
3,178,1
3,263,2
3,337,4
3,200,1
3,129,3
3,416,1
3,322,1
3,425,1
3,29,2
3,112,3
3,157,4
3,341,4
3,140,4
3,373,4
3,291,2
3,168,4
3,432,3
3,370,2
3,146,2
3,238,1
3,451,3
3,51,4
3,327,3
3,442,3
3,128,4
3,46,2
3,55,4
3,225,4
3,352,3
3,278,2
3,217,3
3,500,3
3,92,2
3,313,4
3,389,3
3,259,4
3,388,1
3,486,4
3,91,1
3,10,4
3,45,1
3,188,3
3,266,3
3,134,2
3,3,4
3,413,3
3,404,1
3,102,2
3,99,3
3,68,3
3,123,4
3,400,3
3,41,1
3,423,1
3,138,3
3,353,3
3,216,1
3,498,2
3,34,2
3,418,1
3,201,1
3,331,2
3,430,1
3,401,4
3,439,3
3,6,2
3,334,3
3,289,3
3,319,4
3,257,2
3,76,4
3,199,3
3,285,1
3,156,3
3,448,2
3,25,2
3,165,2
3,466,3
3,7,4
3,409,1
3,4,3
3,367,4
3,326,3
3,450,4
3,208,4
3,215,3
3,464,3
3,265,4
3,50,2
3,467,2
3,374,4
3,108,1
3,226,2
3,13,4
4,455,2
4,235,3
4,155,3
4,349,2
4,64,4
4,18,1
4,178,3
4,263,4
4,337,4
4,200,2
4,129,4
4,416,3
4,322,4
4,425,2
4,29,1
4,112,2
4,157,1
4,341,1
4,140,1
4,373,1
4,291,4
4,168,1
4,432,4
4,370,1
4,146,1
4,238,2
4,451,4
4,51,4
4,327,1
4,442,3
4,128,4
4,46,4
4,55,3
4,225,1
4,352,4
4,278,3
4,217,1
4,500,1
4,92,2
4,313,3
4,389,1
4,259,1
4,388,4
4,486,2
4,91,1
4,10,4
4,45,4
4,188,1
4,266,3
4,134,3
4,3,3
4,413,3
4,404,3
4,102,4
4,99,2
4,68,1
4,123,1
4,400,3
4,41,1
4,423,3
4,138,4
4,353,4
4,216,1
4,498,2
4,34,2
4,418,1
4,201,1
4,331,1
4,430,2
4,401,2
4,439,4
4,6,2
4,334,2
4,289,1
4,319,1
4,257,2
4,76,3
4,199,2
4,285,4
4,156,2
4,448,2
4,25,1
4,165,1
4,466,2
4,7,4
4,409,1
4,4,2
4,367,3
4,326,2
4,450,4
4,208,2
4,215,2
4,464,4
4,265,2
4,50,2
4,467,2
4,374,3
4,108,4
4,226,2
4,13,2
5,455,3
5,235,1
5,155,3
5,349,2
5,64,1
5,18,1
5,178,2
5,263,2
5,337,3
5,200,1
5,129,2
5,416,4
5,322,3
5,425,3
5,29,3
5,112,3
5,157,4
5,341,4
5,140,1
5,373,4
5,291,3
5,168,2
5,432,1
5,370,1
5,146,2
5,238,4
5,451,2
5,51,3
5,327,4
5,442,4
5,128,2
5,46,3
5,55,4
5,225,2
5,352,3
5,278,2
5,217,1
5,500,2
5,92,1
5,313,4
5,389,4
5,259,1
5,388,2
5,486,3
5,91,4
5,10,1
5,45,4
5,188,3
5,266,2
5,134,2
5,3,4
5,413,4
5,404,3
5,102,1
5,99,3
5,68,2
5,123,3
5,400,4
5,41,3
5,423,2
5,138,2
5,353,4
5,216,4
5,498,1
5,34,2
5,418,1
5,201,4
5,331,1
5,430,4
5,401,2
5,439,2
5,6,1
5,334,1
5,289,4
5,319,3
5,257,1
5,76,1
5,199,2
5,285,2
5,156,2
5,448,3
5,25,3
5,165,1
5,466,1
5,7,1
5,409,1
5,4,3
5,367,4
5,326,4
5,450,4
5,208,3
5,215,3
5,464,2
5,265,3
5,50,1
5,467,3
5,374,2
5,108,4
5,226,3
5,13,3
6,455,4
6,235,1
6,155,3
6,349,3
6,64,2
6,18,3
6,178,1
6,263,3
6,337,1
6,200,4
6,129,3
6,416,2
6,322,1
6,425,4
6,29,2
6,112,4
6,157,2
6,341,4
6,140,4
6,373,2
6,291,3
6,168,3
6,432,2
6,370,4
6,146,4
6,238,1
6,451,4
6,51,2
6,327,2
6,442,3
6,128,4
6,46,1
6,55,3
6,225,2
6,352,2
6,278,3
6,217,3
6,500,2
6,92,4
6,313,3
6,389,2
6,259,2
6,388,3
6,486,4
6,91,4
6,10,2
6,45,2
6,188,4
6,266,3
6,134,1
6,3,2
6,413,4
6,404,3
6,102,4
6,99,4
6,68,4
6,123,2
6,400,2
6,41,2
6,423,1
6,138,3
6,353,1
6,216,2
6,498,4
6,34,4
6,418,2
6,201,3
6,331,1
6,430,2
6,401,2
6,439,3
6,6,4
6,334,4
6,289,1
6,319,3
6,257,1
6,76,1
6,199,3
6,285,4
6,156,4
6,448,1
6,25,2
6,165,1
6,466,3
6,7,3
6,409,2
6,4,2
6,367,1
6,326,2
6,450,1
6,208,1
6,215,2
6,464,3
6,265,1
6,50,1
6,467,2
6,374,4
6,108,3
6,226,2
6,13,2
7,455,1
7,235,2
7,155,2
7,349,4
7,64,3
7,18,2
7,178,2
7,263,3
7,337,3
7,200,1
7,129,2
7,416,4
7,322,1
7,425,4
7,29,2
7,112,3
7,157,2
7,341,4
7,140,3
7,373,3
7,291,4
7,168,3
7,432,3
7,370,2
7,146,2
7,238,3
7,451,2
7,51,1
7,327,1
7,442,4
7,128,1
7,46,2
7,55,1
7,225,1
7,352,1
7,278,1
7,217,3
7,500,3
7,92,2
7,313,1
7,389,3
7,259,2
7,388,4
7,486,4
7,91,4
7,10,1
7,45,3
7,188,3
7,266,3
7,134,2
7,3,2
7,413,3
7,404,3
7,102,3
7,99,1
7,68,4
7,123,2
7,400,3
7,41,1
7,423,1
7,138,1
7,353,1
7,216,3
7,498,1
7,34,1
7,418,4
7,201,4
7,331,3
7,430,3
7,401,1
7,439,1
7,6,4
7,334,4
7,289,4
7,319,3
7,257,2
7,76,2
7,199,4
7,285,1
7,156,4
7,448,2
7,25,3
7,165,1
7,466,2
7,7,1
7,409,4
7,4,4
7,367,3
7,326,1
7,450,1
7,208,4
7,215,4
7,464,1
7,265,2
7,50,4
7,467,2
7,374,1
7,108,2
7,226,2
7,13,1
8,455,2
8,235,1
8,155,4
8,349,1
8,64,2
8,18,2
8,178,1
8,263,2
8,337,4
8,200,1
8,129,4
8,416,1
8,322,1
8,425,3
8,29,3
8,112,1
8,157,2
8,341,4
8,140,3
8,373,4
8,291,3
8,168,2
8,432,2
8,370,1
8,146,4
8,238,3
8,451,2
8,51,1
8,327,4
8,442,1
8,128,2
8,46,2
8,55,1
8,225,4
8,352,2
8,278,1
8,217,1
8,500,2
8,92,2
8,313,3
8,389,4
8,259,4
8,388,3
8,486,3
8,91,1
8,10,2
8,45,2
8,188,3
8,266,1
8,134,2
8,3,1
8,413,1
8,404,1
8,102,4
8,99,1
8,68,1
8,123,2
8,400,4
8,41,3
8,423,2
8,138,1
8,353,3
8,216,4
8,498,2
8,34,3
8,418,3
8,201,1
8,331,3
8,430,2
8,401,1
8,439,2
8,6,3
8,334,3
8,289,2
8,319,4
8,257,2
8,76,3
8,199,1
8,285,2
8,156,3
8,448,1
8,25,3
8,165,3
8,466,3
8,7,1
8,409,2
8,4,1
8,367,1
8,326,2
8,450,3
8,208,2
8,215,4
8,464,3
8,265,1
8,50,2
8,467,1
8,374,2
8,108,4
8,226,1
8,13,2
9,455,4
9,235,1
9,155,3
9,349,2
9,64,4
9,18,2
9,178,2
9,263,3
9,337,1
9,200,1
9,129,3
9,416,2
9,322,4
9,425,3
9,29,1
9,112,4
9,157,4
9,341,1
9,140,4
9,373,3
9,291,3
9,168,2
9,432,1
9,370,1
9,146,1
9,238,4
9,451,2
9,51,1
9,327,4
9,442,1
9,128,1
9,46,4
9,55,4
9,225,3
9,352,3
9,278,1
9,217,2
9,500,3
9,92,4
9,313,4
9,389,4
9,259,3
9,388,1
9,486,4
9,91,1
9,10,3
9,45,1
9,188,2
9,266,3
9,134,4
9,3,1
9,413,4
9,404,1
9,102,4
9,99,2
9,68,3
9,123,2
9,400,2
9,41,4
9,423,3
9,138,1
9,353,3
9,216,2
9,498,3
9,34,2
9,418,2
9,201,3
9,331,3
9,430,2
9,401,2
9,439,3
9,6,3
9,334,3
9,289,1
9,319,1
9,257,1
9,76,2
9,199,1
9,285,1
9,156,4
9,448,4
9,25,1
9,165,2
9,466,4
9,7,2
9,409,3
9,4,4
9,367,1
9,326,3
9,450,2
9,208,4
9,215,4
9,464,4
9,265,2
9,50,3
9,467,2
9,374,1
9,108,3
9,226,4
9,13,4
10,455,3
10,235,3
10,155,3
10,349,2
10,64,2
10,18,3
10,178,1
10,263,4
10,337,4
10,200,3
10,129,4
10,416,1
10,322,4
10,425,1
10,29,2
10,112,3
10,157,1
10,341,1
10,140,2
10,373,4
10,291,2
10,168,1
10,432,3
10,370,1
10,146,2
10,238,4
10,451,2
10,51,1
10,327,4
10,442,3
10,128,3
10,46,4
10,55,2
10,225,2
10,352,2
10,278,3
10,217,1
10,500,2
10,92,4
10,313,2
10,389,2
10,259,3
10,388,4
10,486,3
10,91,4
10,10,2
10,45,3
10,188,4
10,266,2
10,134,1
10,3,2
10,413,4
10,404,1
10,102,2
10,99,3
10,68,4
10,123,2
10,400,2
10,41,3
10,423,2
10,138,3
10,353,4
10,216,2
10,498,3
10,34,3
10,418,1
10,201,3
10,331,1
10,430,3
10,401,4
10,439,4
10,6,2
10,334,4
10,289,1
10,319,3
10,257,4
10,76,2
10,199,2
10,285,3
10,156,2
10,448,4
10,25,2
10,165,2
10,466,1
10,7,3
10,409,1
10,4,4
10,367,3
10,326,2
10,450,4
10,208,2
10,215,1
10,464,3
10,265,3
10,50,4
10,467,3
10,374,4
10,108,4
10,226,3
10,13,2
11,455,3
11,235,1
11,155,3
11,349,4
11,64,3
11,18,4
11,178,3
11,263,3
11,337,2
11,200,2
11,129,3
11,416,2
11,322,3
11,425,3
11,29,2
11,112,2
11,157,1
11,341,1
11,140,1
11,373,4
11,291,1
11,168,2
11,432,4
11,370,3
11,146,3
11,238,2
11,451,4
11,51,3
11,327,4
11,442,4
11,128,2
11,46,4
11,55,3
11,225,2
11,352,1
11,278,3
11,217,4
11,500,1
11,92,2
11,313,1
11,389,2
11,259,3
11,388,4
11,486,4
11,91,3
11,10,2
11,45,4
11,188,3
11,266,2
11,134,2
11,3,4
11,413,2
11,404,2
11,102,2
11,99,2
11,68,1
11,123,2
11,400,4
11,41,4
11,423,2
11,138,3
11,353,2
11,216,3
11,498,1
11,34,2
11,418,3
11,201,2
11,331,4
11,430,4
11,401,2
11,439,3
11,6,3
11,334,4
11,289,1
11,319,3
11,257,4
11,76,1
11,199,2
11,285,1
11,156,2
11,448,4
11,25,4
11,165,4
11,466,4
11,7,1
11,409,2
11,4,1
11,367,2
11,326,2
11,450,3
11,208,3
11,215,3
11,464,4
11,265,4
11,50,2
11,467,2
11,374,1
11,108,3
11,226,3
11,13,1
12,455,1
12,235,3
12,155,3
12,349,4
12,64,4
12,18,4
12,178,4
12,263,4
12,337,3
12,200,4
12,129,3
12,416,4
12,322,2
12,425,4
12,29,1
12,112,2
12,157,3
12,341,4
12,140,4
12,373,2
12,291,1
12,168,1
12,432,3
12,370,3
12,146,1
12,238,2
12,451,1
12,51,2
12,327,1
12,442,3
12,128,2
12,46,4
12,55,3
12,225,3
12,352,2
12,278,4
12,217,4
12,500,3
12,92,1
12,313,3
12,389,1
12,259,1
12,388,4
12,486,3
12,91,1
12,10,1
12,45,3
12,188,1
12,266,4
12,134,3
12,3,2
12,413,1
12,404,3
12,102,3
12,99,4
12,68,3
12,123,2
12,400,4
12,41,2
12,423,1
12,138,3
12,353,3
12,216,4
12,498,4
12,34,3
12,418,2
12,201,1
12,331,1
12,430,4
12,401,4
12,439,1
12,6,4
12,334,4
12,289,3
12,319,4
12,257,4
12,76,3
12,199,1
12,285,2
12,156,4
12,448,2
12,25,4
12,165,4
12,466,4
12,7,3
12,409,3
12,4,3
12,367,2
12,326,1
12,450,3
12,208,4
12,215,1
12,464,3
12,265,1
12,50,1
12,467,4
12,374,2
12,108,2
12,226,2
12,13,4
13,455,2
13,235,1
13,155,1
13,349,3
13,64,2
13,18,3
13,178,2
13,263,1
13,337,4
13,200,4
13,129,1
13,416,3
13,322,3
13,425,3
13,29,4
13,112,2
13,157,4
13,341,4
13,140,3
13,373,2
13,291,4
13,168,4
13,432,4
13,370,2
13,146,4
13,238,1
13,451,4
13,51,1
13,327,2
13,442,3
13,128,2
13,46,3
13,55,2
13,225,4
13,352,1
13,278,1
13,217,3
13,500,2
13,92,4
13,313,3
13,389,4
13,259,2
13,388,1
13,486,2
13,91,4
13,10,3
13,45,1
13,188,2
13,266,1
13,134,4
13,3,2
13,413,2
13,404,2
13,102,3
13,99,4
13,68,1
13,123,1
13,400,4
13,41,1
13,423,4
13,138,2
13,353,4
13,216,2
13,498,1
13,34,2
13,418,3
13,201,3
13,331,2
13,430,1
13,401,2
13,439,2
13,6,3
13,334,2
13,289,1
13,319,2
13,257,4
13,76,1
13,199,3
13,285,1
13,156,3
13,448,1
13,25,3
13,165,4
13,466,2
13,7,1
13,409,3
13,4,1
13,367,1
13,326,1
13,450,1
13,208,3
13,215,2
13,464,3
13,265,2
13,50,4
13,467,3
13,374,4
13,108,2
13,226,4
13,13,3
14,455,1
14,235,1
14,155,3
14,349,3
14,64,2
14,18,4
14,178,4
14,263,1
14,337,3
14,200,1
14,129,4
14,416,2
14,322,2
14,425,3
14,29,3
14,112,1
14,157,4
14,341,1
14,140,1
14,373,4
14,291,4
14,168,1
14,432,4
14,370,3
14,146,2
14,238,3
14,451,4
14,51,1
14,327,3
14,442,3
14,128,2
14,46,2
14,55,3
14,225,4
14,352,4
14,278,1
14,217,1
14,500,1
14,92,3
14,313,4
14,389,3
14,259,1
14,388,4
14,486,4
14,91,3
14,10,2
14,45,3
14,188,2
14,266,4
14,134,3
14,3,2
14,413,4
14,404,4
14,102,3
14,99,1
14,68,1
14,123,4
14,400,1
14,41,2
14,423,4
14,138,1
14,353,4
14,216,2
14,498,2
14,34,4
14,418,1
14,201,4
14,331,1
14,430,3
14,401,2
14,439,1
14,6,3
14,334,4
14,289,2
14,319,3
14,257,1
14,76,2
14,199,1
14,285,1
14,156,4
14,448,1
14,25,4
14,165,4
14,466,2
14,7,2
14,409,2
14,4,3
14,367,2
14,326,1
14,450,2
14,208,1
14,215,1
14,464,4
14,265,2
14,50,4
14,467,2
14,374,4
14,108,3
14,226,1
14,13,1
15,455,2
15,235,3
15,155,3
15,349,3
15,64,3
15,18,4
15,178,1
15,263,3
15,337,2
15,200,3
15,129,2
15,416,1
15,322,2
15,425,4
15,29,2
15,112,2
15,157,4
15,341,2
15,140,1
15,373,4
15,291,4
15,168,2
15,432,3
15,370,2
15,146,3
15,238,2
15,451,4
15,51,4
15,327,1
15,442,2
15,128,1
15,46,4
15,55,1
15,225,2
15,352,4
15,278,3
15,217,3
15,500,2
15,92,1
15,313,3
15,389,3
15,259,1
15,388,2
15,486,3
15,91,1
15,10,3
15,45,2
15,188,1
15,266,3
15,134,3
15,3,1
15,413,4
15,404,2
15,102,2
15,99,3
15,68,1
15,123,3
15,400,3
15,41,1
15,423,3
15,138,3
15,353,3
15,216,3
15,498,1
15,34,3
15,418,3
15,201,1
15,331,3
15,430,4
15,401,3
15,439,2
15,6,2
15,334,2
15,289,4
15,319,4
15,257,4
15,76,2
15,199,3
15,285,3
15,156,2
15,448,4
15,25,4
15,165,2
15,466,4
15,7,4
15,409,4
15,4,2
15,367,2
15,326,1
15,450,3
15,208,1
15,215,3
15,464,3
15,265,4
15,50,3
15,467,2
15,374,3
15,108,3
15,226,2
15,13,2
16,455,3
16,235,4
16,155,4
16,349,1
16,64,4
16,18,3
16,178,3
16,263,3
16,337,3
16,200,3
16,129,1
16,416,2
16,322,2
16,425,4
16,29,1
16,112,4
16,157,3
16,341,4
16,140,4
16,373,4
16,291,1
16,168,2
16,432,3
16,370,3
16,146,3
16,238,1
16,451,2
16,51,1
16,327,2
16,442,3
16,128,1
16,46,4
16,55,1
16,225,1
16,352,4
16,278,4
16,217,4
16,500,3
16,92,4
16,313,1
16,389,1
16,259,4
16,388,2
16,486,1
16,91,1
16,10,2
16,45,3
16,188,2
16,266,1
16,134,2
16,3,2
16,413,2
16,404,2
16,102,2
16,99,1
16,68,1
16,123,1
16,400,1
16,41,2
16,423,1
16,138,2
16,353,4
16,216,1
16,498,3
16,34,4
16,418,4
16,201,2
16,331,2
16,430,2
16,401,3
16,439,4
16,6,4
16,334,4
16,289,2
16,319,4
16,257,4
16,76,4
16,199,4
16,285,1
16,156,2
16,448,1
16,25,1
16,165,1
16,466,2
16,7,1
16,409,2
16,4,4
16,367,3
16,326,3
16,450,1
16,208,1
16,215,1
16,464,3
16,265,4
16,50,2
16,467,2
16,374,3
16,108,1
16,226,1
16,13,1
17,455,3
17,235,2
17,155,1
17,349,3
17,64,2
17,18,1
17,178,4
17,263,2
17,337,4
17,200,2
17,129,2
17,416,2
17,322,2
17,425,1
17,29,1
17,112,4
17,157,1
17,341,2
17,140,1
17,373,3
17,291,4
17,168,1
17,432,1
17,370,1
17,146,4
17,238,2
17,451,1
17,51,4
17,327,1
17,442,1
17,128,1
17,46,1
17,55,2
17,225,4
17,352,2
17,278,4
17,217,1
17,500,1
17,92,3
17,313,2
17,389,4
17,259,1
17,388,2
17,486,3
17,91,1
17,10,4
17,45,4
17,188,1
17,266,3
17,134,4
17,3,1
17,413,4
17,404,2
17,102,4
17,99,3
17,68,3
17,123,3
17,400,1
17,41,3
17,423,1
17,138,4
17,353,3
17,216,3
17,498,4
17,34,1
17,418,3
17,201,2
17,331,2
17,430,3
17,401,4
17,439,3
17,6,2
17,334,4
17,289,4
17,319,3
17,257,2
17,76,2
17,199,4
17,285,1
17,156,4
17,448,4
17,25,2
17,165,1
17,466,3
17,7,1
17,409,4
17,4,2
17,367,2
17,326,3
17,450,3
17,208,3
17,215,1
17,464,1
17,265,4
17,50,1
17,467,3
17,374,4
17,108,2
17,226,4
17,13,1
18,455,4
18,235,4
18,155,3
18,349,3
18,64,3
18,18,2
18,178,1
18,263,4
18,337,2
18,200,4
18,129,2
18,416,2
18,322,2
18,425,2
18,29,2
18,112,3
18,157,1
18,341,2
18,140,2
18,373,3
18,291,3
18,168,1
18,432,4
18,370,2
18,146,4
18,238,1
18,451,1
18,51,4
18,327,2
18,442,4
18,128,1
18,46,4
18,55,3
18,225,2
18,352,4
18,278,4
18,217,2
18,500,3
18,92,3
18,313,2
18,389,1
18,259,4
18,388,1
18,486,4
18,91,4
18,10,2
18,45,1
18,188,2
18,266,2
18,134,4
18,3,2
18,413,2
18,404,1
18,102,1
18,99,4
18,68,3
18,123,3
18,400,4
18,41,1
18,423,2
18,138,2
18,353,4
18,216,3
18,498,3
18,34,4
18,418,3
18,201,2
18,331,4
18,430,1
18,401,2
18,439,3
18,6,2
18,334,3
18,289,3
18,319,1
18,257,2
18,76,4
18,199,2
18,285,3
18,156,3
18,448,3
18,25,1
18,165,4
18,466,2
18,7,2
18,409,4
18,4,2
18,367,3
18,326,4
18,450,2
18,208,1
18,215,3
18,464,4
18,265,2
18,50,4
18,467,2
18,374,2
18,108,4
18,226,4
18,13,2
19,455,4
19,235,2
19,155,2
19,349,3
19,64,3
19,18,2
19,178,1
19,263,3
19,337,4
19,200,3
19,129,4
19,416,1
19,322,1
19,425,3
19,29,1
19,112,3
19,157,2
19,341,2
19,140,3
19,373,1
19,291,1
19,168,4
19,432,2
19,370,3
19,146,3
19,238,3
19,451,1
19,51,4
19,327,2
19,442,1
19,128,2
19,46,3
19,55,2
19,225,3
19,352,3
19,278,2
19,217,2
19,500,3
19,92,4
19,313,1
19,389,1
19,259,1
19,388,4
19,486,3
19,91,2
19,10,2
19,45,2
19,188,4
19,266,1
19,134,1
19,3,3
19,413,3
19,404,2
19,102,3
19,99,2
19,68,4
19,123,1
19,400,2
19,41,4
19,423,2
19,138,4
19,353,2
19,216,3
19,498,4
19,34,1
19,418,2
19,201,3
19,331,1
19,430,4
19,401,4
19,439,4
19,6,2
19,334,4
19,289,2
19,319,3
19,257,1
19,76,4
19,199,3
19,285,4
19,156,2
19,448,4
19,25,3
19,165,3
19,466,3
19,7,1
19,409,1
19,4,4
19,367,1
19,326,1
19,450,3
19,208,4
19,215,1
19,464,4
19,265,1
19,50,2
19,467,1
19,374,4
19,108,3
19,226,4
19,13,1
20,455,3
20,235,3
20,155,3
20,349,4
20,64,4
20,18,1
20,178,2
20,263,4
20,337,4
20,200,4
20,129,4
20,416,2
20,322,4
20,425,2
20,29,1
20,112,2
20,157,2
20,341,2
20,140,4
20,373,3
20,291,4
20,168,3
20,432,2
20,370,4
20,146,3
20,238,2
20,451,1
20,51,3
20,327,2
20,442,4
20,128,2
20,46,2
20,55,1
20,225,1
20,352,3
20,278,2
20,217,1
20,500,3
20,92,3
20,313,2
20,389,2
20,259,4
20,388,4
20,486,2
20,91,1
20,10,2
20,45,1
20,188,3
20,266,4
20,134,2
20,3,3
20,413,1
20,404,3
20,102,2
20,99,3
20,68,3
20,123,3
20,400,2
20,41,3
20,423,1
20,138,4
20,353,2
20,216,1
20,498,3
20,34,4
20,418,2
20,201,3
20,331,4
20,430,1
20,401,1
20,439,4
20,6,2
20,334,4
20,289,2
20,319,3
20,257,4
20,76,4
20,199,3
20,285,1
20,156,1
20,448,3
20,25,4
20,165,1
20,466,1
20,7,4
20,409,3
20,4,3
20,367,2
20,326,3
20,450,4
20,208,4
20,215,4
20,464,1
20,265,2
20,50,4
20,467,4
20,374,4
20,108,4
20,226,1
20,13,3
21,455,4
21,235,4
21,155,4
21,349,1
21,64,2
21,18,4
21,178,1
21,263,2
21,337,2
21,200,3
21,129,3
21,416,4
21,322,2
21,425,3
21,29,1
21,112,4
21,157,2
21,341,4
21,140,4
21,373,2
21,291,2
21,168,4
21,432,2
21,370,4
21,146,4
21,238,4
21,451,2
21,51,1
21,327,4
21,442,2
21,128,4
21,46,1
21,55,2
21,225,2
21,352,4
21,278,4
21,217,4
21,500,1
21,92,4
21,313,2
21,389,4
21,259,1
21,388,1
21,486,3
21,91,2
21,10,2
21,45,2
21,188,3
21,266,3
21,134,4
21,3,4
21,413,2
21,404,2
21,102,1
21,99,1
21,68,4
21,123,4
21,400,3
21,41,3
21,423,2
21,138,2
21,353,1
21,216,1
21,498,1
21,34,4
21,418,3
21,201,1
21,331,4
21,430,3
21,401,1
21,439,2
21,6,1
21,334,1
21,289,3
21,319,2
21,257,3
21,76,1
21,199,3
21,285,1
21,156,2
21,448,4
21,25,1
21,165,2
21,466,3
21,7,2
21,409,3
21,4,1
21,367,4
21,326,3
21,450,3
21,208,3
21,215,4
21,464,4
21,265,1
21,50,1
21,467,2
21,374,1
21,108,2
21,226,4
21,13,2
22,455,4
22,235,4
22,155,4
22,349,2
22,64,1
22,18,4
22,178,2
22,263,4
22,337,3
22,200,2
22,129,1
22,416,2
22,322,1
22,425,1
22,29,3
22,112,4
22,157,2
22,341,1
22,140,1
22,373,2
22,291,2
22,168,4
22,432,2
22,370,4
22,146,4
22,238,2
22,451,4
22,51,4
22,327,3
22,442,3
22,128,1
22,46,3
22,55,2
22,225,4
22,352,3
22,278,3
22,217,3
22,500,2
22,92,2
22,313,1
22,389,1
22,259,2
22,388,3
22,486,1
22,91,3
22,10,4
22,45,4
22,188,1
22,266,2
22,134,3
22,3,2
22,413,3
22,404,2
22,102,1
22,99,1
22,68,2
22,123,2
22,400,1
22,41,3
22,423,4
22,138,2
22,353,1
22,216,4
22,498,1
22,34,4
22,418,1
22,201,3
22,331,2
22,430,2
22,401,2
22,439,4
22,6,2
22,334,4
22,289,3
22,319,1
22,257,4
22,76,4
22,199,2
22,285,2
22,156,4
22,448,4
22,25,4
22,165,3
22,466,4
22,7,2
22,409,3
22,4,4
22,367,2
22,326,1
22,450,2
22,208,2
22,215,3
22,464,3
22,265,1
22,50,1
22,467,3
22,374,1
22,108,1
22,226,3
22,13,4
23,455,4
23,235,4
23,155,4
23,349,3
23,64,2
23,18,4
23,178,1
23,263,4
23,337,2
23,200,4
23,129,3
23,416,1
23,322,3
23,425,4
23,29,4
23,112,1
23,157,2
23,341,1
23,140,2
23,373,1
23,291,1
23,168,3
23,432,3
23,370,2
23,146,3
23,238,4
23,451,3
23,51,1
23,327,3
23,442,2
23,128,1
23,46,1
23,55,3
23,225,4
23,352,2
23,278,2
23,217,1
23,500,2
23,92,1
23,313,4
23,389,4
23,259,4
23,388,1
23,486,4
23,91,3
23,10,2
23,45,4
23,188,1
23,266,3
23,134,2
23,3,3
23,413,2
23,404,2
23,102,1
23,99,2
23,68,4
23,123,4
23,400,4
23,41,4
23,423,1
23,138,3
23,353,2
23,216,3
23,498,1
23,34,4
23,418,2
23,201,2
23,331,3
23,430,3
23,401,2
23,439,2
23,6,3
23,334,2
23,289,3
23,319,4
23,257,2
23,76,3
23,199,3
23,285,1
23,156,4
23,448,2
23,25,4
23,165,1
23,466,1
23,7,1
23,409,3
23,4,1
23,367,2
23,326,4
23,450,1
23,208,2
23,215,4
23,464,1
23,265,1
23,50,1
23,467,2
23,374,2
23,108,1
23,226,2
23,13,2
24,455,2
24,235,2
24,155,1
24,349,2
24,64,1
24,18,3
24,178,2
24,263,2
24,337,3
24,200,1
24,129,1
24,416,2
24,322,2
24,425,4
24,29,3
24,112,1
24,157,4
24,341,1
24,140,2
24,373,3
24,291,1
24,168,2
24,432,3
24,370,4
24,146,3
24,238,1
24,451,1
24,51,4
24,327,2
24,442,4
24,128,3
24,46,2
24,55,3
24,225,4
24,352,3
24,278,1
24,217,2
24,500,4
24,92,2
24,313,1
24,389,1
24,259,4
24,388,3
24,486,3
24,91,4
24,10,4
24,45,1
24,188,3
24,266,3
24,134,2
24,3,4
24,413,2
24,404,4
24,102,2
24,99,4
24,68,2
24,123,2
24,400,4
24,41,4
24,423,4
24,138,2
24,353,1
24,216,2
24,498,2
24,34,2
24,418,3
24,201,3
24,331,3
24,430,1
24,401,2
24,439,2
24,6,3
24,334,2
24,289,1
24,319,3
24,257,2
24,76,2
24,199,1
24,285,4
24,156,1
24,448,1
24,25,4
24,165,3
24,466,1
24,7,4
24,409,1
24,4,2
24,367,3
24,326,1
24,450,2
24,208,4
24,215,1
24,464,2
24,265,4
24,50,4
24,467,1
24,374,1
24,108,1
24,226,1
24,13,3
25,455,2
25,235,1
25,155,3
25,349,1
25,64,1
25,18,4
25,178,2
25,263,3
25,337,1
25,200,1
25,129,3
25,416,4
25,322,1
25,425,2
25,29,1
25,112,4
25,157,4
25,341,1
25,140,3
25,373,3
25,291,3
25,168,3
25,432,2
25,370,3
25,146,1
25,238,4
25,451,1
25,51,2
25,327,2
25,442,1
25,128,2
25,46,4
25,55,3
25,225,2
25,352,2
25,278,3
25,217,1
25,500,1
25,92,4
25,313,2
25,389,3
25,259,2
25,388,1
25,486,3
25,91,2
25,10,4
25,45,4
25,188,4
25,266,1
25,134,4
25,3,4
25,413,2
25,404,1
25,102,2
25,99,3
25,68,4
25,123,1
25,400,2
25,41,4
25,423,4
25,138,1
25,353,2
25,216,1
25,498,4
25,34,4
25,418,4
25,201,4
25,331,1
25,430,3
25,401,3
25,439,3
25,6,4
25,334,4
25,289,3
25,319,3
25,257,1
25,76,4
25,199,3
25,285,1
25,156,1
25,448,1
25,25,3
25,165,4
25,466,4
25,7,3
25,409,1
25,4,2
25,367,3
25,326,2
25,450,4
25,208,1
25,215,4
25,464,3
25,265,2
25,50,4
25,467,2
25,374,4
25,108,2
25,226,2
25,13,1
26,455,4
26,235,2
26,155,3
26,349,1
26,64,4
26,18,1
26,178,2
26,263,1
26,337,1
26,200,1
26,129,4
26,416,4
26,322,4
26,425,2
26,29,2
26,112,2
26,157,4
26,341,1
26,140,2
26,373,2
26,291,4
26,168,2
26,432,2
26,370,4
26,146,2
26,238,1
26,451,2
26,51,4
26,327,3
26,442,4
26,128,4
26,46,1
26,55,1
26,225,1
26,352,1
26,278,3
26,217,2
26,500,4
26,92,3
26,313,4
26,389,2
26,259,3
26,388,4
26,486,4
26,91,2
26,10,4
26,45,1
26,188,1
26,266,4
26,134,1
26,3,3
26,413,2
26,404,2
26,102,1
26,99,4
26,68,4
26,123,3
26,400,2
26,41,4
26,423,1
26,138,3
26,353,4
26,216,3
26,498,1
26,34,1
26,418,4
26,201,4
26,331,2
26,430,3
26,401,1
26,439,2
26,6,4
26,334,2
26,289,4
26,319,1
26,257,4
26,76,1
26,199,4
26,285,4
26,156,3
26,448,1
26,25,4
26,165,1
26,466,4
26,7,2
26,409,2
26,4,3
26,367,2
26,326,4
26,450,1
26,208,3
26,215,3
26,464,2
26,265,3
26,50,1
26,467,3
26,374,1
26,108,1
26,226,2
26,13,3
27,455,2
27,235,1
27,155,1
27,349,2
27,64,3
27,18,4
27,178,3
27,263,4
27,337,3
27,200,4
27,129,3
27,416,3
27,322,3
27,425,1
27,29,4
27,112,1
27,157,2
27,341,3
27,140,2
27,373,2
27,291,3
27,168,1
27,432,1
27,370,2
27,146,4
27,238,3
27,451,1
27,51,4
27,327,1
27,442,1
27,128,2
27,46,2
27,55,2
27,225,2
27,352,3
27,278,3
27,217,4
27,500,4
27,92,4
27,313,3
27,389,1
27,259,1
27,388,2
27,486,1
27,91,1
27,10,2
27,45,2
27,188,3
27,266,4
27,134,2
27,3,1
27,413,2
27,404,4
27,102,4
27,99,2
27,68,3
27,123,3
27,400,3
27,41,3
27,423,3
27,138,3
27,353,2
27,216,3
27,498,3
27,34,4
27,418,4
27,201,1
27,331,3
27,430,4
27,401,3
27,439,1
27,6,1
27,334,3
27,289,2
27,319,1
27,257,4
27,76,2
27,199,2
27,285,3
27,156,3
27,448,3
27,25,3
27,165,4
27,466,3
27,7,3
27,409,3
27,4,1
27,367,1
27,326,3
27,450,3
27,208,2
27,215,1
27,464,3
27,265,4
27,50,1
27,467,4
27,374,3
27,108,1
27,226,3
27,13,1
28,455,2
28,235,4
28,155,1
28,349,3
28,64,3
28,18,2
28,178,3
28,263,1
28,337,2
28,200,2
28,129,2
28,416,2
28,322,1
28,425,1
28,29,4
28,112,1
28,157,2
28,341,4
28,140,4
28,373,4
28,291,4
28,168,1
28,432,3
28,370,2
28,146,3
28,238,4
28,451,1
28,51,1
28,327,1
28,442,4
28,128,2
28,46,2
28,55,2
28,225,4
28,352,3
28,278,1
28,217,1
28,500,3
28,92,2
28,313,1
28,389,1
28,259,4
28,388,3
28,486,4
28,91,3
28,10,4
28,45,1
28,188,4
28,266,3
28,134,4
28,3,4
28,413,2
28,404,3
28,102,4
28,99,4
28,68,1
28,123,3
28,400,3
28,41,1
28,423,1
28,138,1
28,353,1
28,216,3
28,498,4
28,34,1
28,418,2
28,201,4
28,331,2
28,430,2
28,401,3
28,439,1
28,6,4
28,334,3
28,289,3
28,319,4
28,257,3
28,76,4
28,199,4
28,285,1
28,156,1
28,448,2
28,25,3
28,165,2
28,466,3
28,7,2
28,409,3
28,4,4
28,367,3
28,326,4
28,450,2
28,208,3
28,215,3
28,464,3
28,265,3
28,50,1
28,467,1
28,374,4
28,108,2
28,226,1
28,13,4
29,455,2
29,235,2
29,155,4
29,349,3
29,64,2
29,18,2
29,178,4
29,263,3
29,337,4
29,200,4
29,129,1
29,416,2
29,322,3
29,425,3
29,29,2
29,112,1
29,157,2
29,341,1
29,140,2
29,373,2
29,291,4
29,168,4
29,432,4
29,370,4
29,146,1
29,238,3
29,451,4
29,51,2
29,327,3
29,442,4
29,128,1
29,46,4
29,55,3
29,225,3
29,352,3
29,278,1
29,217,2
29,500,3
29,92,2
29,313,2
29,389,2
29,259,1
29,388,4
29,486,3
29,91,1
29,10,4
29,45,3
29,188,4
29,266,3
29,134,2
29,3,1
29,413,4
29,404,3
29,102,1
29,99,2
29,68,4
29,123,1
29,400,2
29,41,3
29,423,1
29,138,1
29,353,3
29,216,3
29,498,1
29,34,3
29,418,3
29,201,3
29,331,2
29,430,4
29,401,3
29,439,1
29,6,1
29,334,1
29,289,4
29,319,2
29,257,3
29,76,1
29,199,1
29,285,4
29,156,2
29,448,3
29,25,3
29,165,3
29,466,1
29,7,2
29,409,4
29,4,3
29,367,4
29,326,2
29,450,4
29,208,3
29,215,3
29,464,3
29,265,3
29,50,4
29,467,4
29,374,2
29,108,3
29,226,1
29,13,2
30,455,3
30,235,3
30,155,4
30,349,2
30,64,1
30,18,2
30,178,1
30,263,2
30,337,4
30,200,3
30,129,4
30,416,3
30,322,4
30,425,3
30,29,4
30,112,1
30,157,4
30,341,2
30,140,3
30,373,3
30,291,3
30,168,3
30,432,1
30,370,4
30,146,1
30,238,1
30,451,1
30,51,4
30,327,1
30,442,1
30,128,3
30,46,2
30,55,1
30,225,4
30,352,3
30,278,4
30,217,1
30,500,3
30,92,3
30,313,1
30,389,3
30,259,4
30,388,1
30,486,2
30,91,3
30,10,1
30,45,2
30,188,4
30,266,3
30,134,3
30,3,4
30,413,2
30,404,3
30,102,2
30,99,1
30,68,3
30,123,4
30,400,1
30,41,3
30,423,4
30,138,4
30,353,2
30,216,1
30,498,2
30,34,4
30,418,2
30,201,4
30,331,4
30,430,4
30,401,3
30,439,2
30,6,3
30,334,1
30,289,3
30,319,1
30,257,1
30,76,2
30,199,3
30,285,3
30,156,4
30,448,3
30,25,3
30,165,4
30,466,3
30,7,2
30,409,4
30,4,3
30,367,1
30,326,3
30,450,3
30,208,4
30,215,4
30,464,3
30,265,2
30,50,2
30,467,2
30,374,3
30,108,1
30,226,3
30,13,4
31,455,2
31,235,1
31,155,3
31,349,3
31,64,2
31,18,1
31,178,3
31,263,4
31,337,1
31,200,3
31,129,1
31,416,4
31,322,3
31,425,1
31,29,2
31,112,4
31,157,4
31,341,2
31,140,3
31,373,1
31,291,1
31,168,1
31,432,2
31,370,1
31,146,1
31,238,3
31,451,4
31,51,1
31,327,4
31,442,4
31,128,3
31,46,1
31,55,2
31,225,2
31,352,1
31,278,2
31,217,4
31,500,3
31,92,2
31,313,1
31,389,4
31,259,4
31,388,2
31,486,4
31,91,2
31,10,1
31,45,3
31,188,4
31,266,3
31,134,1
31,3,1
31,413,1
31,404,3
31,102,4
31,99,1
31,68,3
31,123,3
31,400,1
31,41,2
31,423,2
31,138,1
31,353,4
31,216,3
31,498,3
31,34,1
31,418,2
31,201,3
31,331,1
31,430,3
31,401,2
31,439,2
31,6,1
31,334,3
31,289,3
31,319,3
31,257,4
31,76,2
31,199,3
31,285,3
31,156,3
31,448,3
31,25,4
31,165,3
31,466,3
31,7,1
31,409,1
31,4,4
31,367,2
31,326,3
31,450,2
31,208,3
31,215,2
31,464,1
31,265,2
31,50,4
31,467,1
31,374,1
31,108,1
31,226,1
31,13,3
32,455,1
32,235,4
32,155,2
32,349,4
32,64,2
32,18,2
32,178,1
32,263,1
32,337,4
32,200,3
32,129,1
32,416,4
32,322,2
32,425,2
32,29,1
32,112,1
32,157,3
32,341,2
32,140,2
32,373,1
32,291,1
32,168,1
32,432,4
32,370,2
32,146,2
32,238,1
32,451,3
32,51,1
32,327,4
32,442,3
32,128,4
32,46,4
32,55,4
32,225,3
32,352,4
32,278,1
32,217,4
32,500,1
32,92,2
32,313,2
32,389,4
32,259,2
32,388,1
32,486,2
32,91,2
32,10,2
32,45,2
32,188,1
32,266,2
32,134,3
32,3,3
32,413,1
32,404,1
32,102,4
32,99,4
32,68,4
32,123,2
32,400,4
32,41,2
32,423,1
32,138,1
32,353,4
32,216,3
32,498,2
32,34,2
32,418,4
32,201,3
32,331,2
32,430,1
32,401,2
32,439,3
32,6,1
32,334,1
32,289,3
32,319,4
32,257,3
32,76,2
32,199,1
32,285,4
32,156,4
32,448,2
32,25,3
32,165,3
32,466,4
32,7,2
32,409,3
32,4,1
32,367,2
32,326,2
32,450,4
32,208,4
32,215,3
32,464,1
32,265,2
32,50,2
32,467,1
32,374,3
32,108,2
32,226,4
32,13,4
33,455,2
33,235,4
33,155,1
33,349,3
33,64,2
33,18,3
33,178,1
33,263,2
33,337,3
33,200,2
33,129,2
33,416,3
33,322,2
33,425,3
33,29,3
33,112,2
33,157,3
33,341,2
33,140,4
33,373,3
33,291,1
33,168,4
33,432,4
33,370,3
33,146,1
33,238,4
33,451,1
33,51,3
33,327,2
33,442,1
33,128,2
33,46,3
33,55,1
33,225,4
33,352,2
33,278,1
33,217,4
33,500,3
33,92,1
33,313,3
33,389,4
33,259,4
33,388,4
33,486,3
33,91,1
33,10,4
33,45,4
33,188,4
33,266,2
33,134,4
33,3,2
33,413,3
33,404,4
33,102,3
33,99,3
33,68,1
33,123,2
33,400,2
33,41,1
33,423,1
33,138,2
33,353,3
33,216,1
33,498,2
33,34,4
33,418,3
33,201,4
33,331,2
33,430,3
33,401,4
33,439,1
33,6,1
33,334,3
33,289,3
33,319,4
33,257,4
33,76,3
33,199,3
33,285,1
33,156,2
33,448,3
33,25,3
33,165,2
33,466,2
33,7,3
33,409,3
33,4,1
33,367,2
33,326,1
33,450,4
33,208,3
33,215,1
33,464,4
33,265,4
33,50,4
33,467,4
33,374,1
33,108,3
33,226,3
33,13,2
34,455,2
34,235,1
34,155,1
34,349,3
34,64,1
34,18,1
34,178,1
34,263,2
34,337,3
34,200,4
34,129,1
34,416,2
34,322,1
34,425,4
34,29,3
34,112,1
34,157,3
34,341,1
34,140,4
34,373,1
34,291,4
34,168,2
34,432,3
34,370,3
34,146,2
34,238,2
34,451,3
34,51,1
34,327,3
34,442,3
34,128,3
34,46,2
34,55,4
34,225,1
34,352,1
34,278,4
34,217,1
34,500,4
34,92,3
34,313,1
34,389,4
34,259,4
34,388,4
34,486,3
34,91,4
34,10,4
34,45,4
34,188,2
34,266,1
34,134,4
34,3,3
34,413,1
34,404,1
34,102,3
34,99,3
34,68,2
34,123,3
34,400,2
34,41,2
34,423,1
34,138,4
34,353,1
34,216,2
34,498,2
34,34,4
34,418,1
34,201,3
34,331,3
34,430,1
34,401,2
34,439,1
34,6,2
34,334,1
34,289,1
34,319,1
34,257,4
34,76,4
34,199,1
34,285,3
34,156,3
34,448,3
34,25,4
34,165,3
34,466,4
34,7,4
34,409,2
34,4,3
34,367,3
34,326,4
34,450,2
34,208,3
34,215,1
34,464,2
34,265,2
34,50,2
34,467,3
34,374,1
34,108,2
34,226,2
34,13,1
35,455,3
35,235,2
35,155,3
35,349,2
35,64,1
35,18,3
35,178,3
35,263,2
35,337,2
35,200,3
35,129,2
35,416,4
35,322,4
35,425,1
35,29,3
35,112,1
35,157,3
35,341,2
35,140,4
35,373,2
35,291,2
35,168,2
35,432,1
35,370,2
35,146,1
35,238,3
35,451,3
35,51,2
35,327,2
35,442,1
35,128,2
35,46,4
35,55,1
35,225,3
35,352,2
35,278,1
35,217,3
35,500,1
35,92,2
35,313,1
35,389,4
35,259,2
35,388,2
35,486,3
35,91,2
35,10,2
35,45,4
35,188,1
35,266,1
35,134,3
35,3,4
35,413,3
35,404,3
35,102,3
35,99,1
35,68,2
35,123,2
35,400,4
35,41,2
35,423,2
35,138,4
35,353,2
35,216,1
35,498,4
35,34,4
35,418,2
35,201,1
35,331,3
35,430,2
35,401,2
35,439,2
35,6,3
35,334,1
35,289,3
35,319,3
35,257,2
35,76,2
35,199,3
35,285,4
35,156,4
35,448,3
35,25,2
35,165,1
35,466,1
35,7,4
35,409,4
35,4,1
35,367,1
35,326,1
35,450,3
35,208,4
35,215,2
35,464,1
35,265,3
35,50,4
35,467,2
35,374,3
35,108,1
35,226,4
35,13,2
36,455,3
36,235,1
36,155,2
36,349,1
36,64,4
36,18,2
36,178,4
36,263,1
36,337,2
36,200,1
36,129,1
36,416,3
36,322,2
36,425,4
36,29,3
36,112,3
36,157,4
36,341,1
36,140,2
36,373,4
36,291,4
36,168,3
36,432,1
36,370,3
36,146,2
36,238,4
36,451,3
36,51,1
36,327,2
36,442,3
36,128,2
36,46,4
36,55,2
36,225,1
36,352,3
36,278,2
36,217,3
36,500,3
36,92,4
36,313,1
36,389,3
36,259,1
36,388,3
36,486,2
36,91,3
36,10,3
36,45,4
36,188,2
36,266,3
36,134,3
36,3,2
36,413,1
36,404,4
36,102,3
36,99,3
36,68,2
36,123,1
36,400,2
36,41,1
36,423,1
36,138,2
36,353,2
36,216,4
36,498,2
36,34,4
36,418,1
36,201,1
36,331,1
36,430,1
36,401,4
36,439,1
36,6,4
36,334,2
36,289,4
36,319,2
36,257,2
36,76,3
36,199,2
36,285,4
36,156,4
36,448,2
36,25,4
36,165,3
36,466,1
36,7,3
36,409,3
36,4,1
36,367,1
36,326,3
36,450,2
36,208,1
36,215,3
36,464,2
36,265,3
36,50,3
36,467,1
36,374,2
36,108,1
36,226,1
36,13,4
37,455,2
37,235,3
37,155,4
37,349,4
37,64,4
37,18,3
37,178,3
37,263,2
37,337,1
37,200,2
37,129,1
37,416,1
37,322,4
37,425,2
37,29,2
37,112,2
37,157,1
37,341,3
37,140,4
37,373,4
37,291,2
37,168,2
37,432,3
37,370,1
37,146,3
37,238,4
37,451,3
37,51,1
37,327,1
37,442,3
37,128,3
37,46,3
37,55,1
37,225,2
37,352,2
37,278,4
37,217,4
37,500,4
37,92,4
37,313,2
37,389,3
37,259,1
37,388,4
37,486,4
37,91,3
37,10,2
37,45,4
37,188,2
37,266,4
37,134,4
37,3,1
37,413,2
37,404,4
37,102,2
37,99,3
37,68,3
37,123,2
37,400,1
37,41,4
37,423,4
37,138,3
37,353,1
37,216,2
37,498,4
37,34,4
37,418,3
37,201,1
37,331,4
37,430,3
37,401,4
37,439,1
37,6,4
37,334,1
37,289,1
37,319,4
37,257,1
37,76,1
37,199,1
37,285,3
37,156,3
37,448,3
37,25,4
37,165,3
37,466,3
37,7,3
37,409,4
37,4,3
37,367,4
37,326,2
37,450,4
37,208,3
37,215,1
37,464,2
37,265,4
37,50,3
37,467,3
37,374,3
37,108,2
37,226,2
37,13,2
38,455,3
38,235,1
38,155,1
38,349,1
38,64,3
38,18,2
38,178,1
38,263,4
38,337,4
38,200,3
38,129,3
38,416,4
38,322,3
38,425,2
38,29,4
38,112,1
38,157,4
38,341,2
38,140,2
38,373,2
38,291,4
38,168,2
38,432,3
38,370,3
38,146,2
38,238,2
38,451,4
38,51,2
38,327,4
38,442,3
38,128,4
38,46,3
38,55,2
38,225,3
38,352,3
38,278,2
38,217,3
38,500,3
38,92,2
38,313,2
38,389,4
38,259,4
38,388,3
38,486,2
38,91,2
38,10,4
38,45,1
38,188,2
38,266,3
38,134,4
38,3,2
38,413,3
38,404,4
38,102,2
38,99,2
38,68,1
38,123,2
38,400,4
38,41,3
38,423,4
38,138,2
38,353,4
38,216,1
38,498,2
38,34,4
38,418,4
38,201,1
38,331,4
38,430,2
38,401,2
38,439,4
38,6,4
38,334,1
38,289,3
38,319,3
38,257,2
38,76,1
38,199,3
38,285,3
38,156,3
38,448,1
38,25,4
38,165,1
38,466,1
38,7,1
38,409,1
38,4,1
38,367,3
38,326,4
38,450,4
38,208,2
38,215,3
38,464,4
38,265,4
38,50,1
38,467,1
38,374,2
38,108,4
38,226,4
38,13,2
39,455,1
39,235,3
39,155,4
39,349,2
39,64,3
39,18,3
39,178,1
39,263,4
39,337,4
39,200,3
39,129,1
39,416,4
39,322,2
39,425,3
39,29,4
39,112,4
39,157,1
39,341,3
39,140,2
39,373,2
39,291,1
39,168,3
39,432,4
39,370,4
39,146,3
39,238,4
39,451,1
39,51,1
39,327,1
39,442,2
39,128,2
39,46,4
39,55,1
39,225,3
39,352,3
39,278,3
39,217,3
39,500,4
39,92,1
39,313,4
39,389,2
39,259,1
39,388,2
39,486,4
39,91,3
39,10,2
39,45,3
39,188,3
39,266,2
39,134,4
39,3,2
39,413,4
39,404,2
39,102,4
39,99,2
39,68,2
39,123,2
39,400,2
39,41,1
39,423,4
39,138,2
39,353,4
39,216,2
39,498,2
39,34,4
39,418,4
39,201,1
39,331,2
39,430,2
39,401,4
39,439,1
39,6,2
39,334,2
39,289,2
39,319,4
39,257,2
39,76,3
39,199,1
39,285,3
39,156,2
39,448,2
39,25,1
39,165,4
39,466,2
39,7,1
39,409,4
39,4,4
39,367,4
39,326,3
39,450,2
39,208,2
39,215,2
39,464,3
39,265,2
39,50,4
39,467,4
39,374,1
39,108,2
39,226,2
39,13,3
40,455,1
40,235,2
40,155,3
40,349,3
40,64,4
40,18,4
40,178,3
40,263,4
40,337,1
40,200,1
40,129,3
40,416,3
40,322,2
40,425,2
40,29,4
40,112,2
40,157,2
40,341,2
40,140,3
40,373,4
40,291,3
40,168,3
40,432,2
40,370,2
40,146,1
40,238,3
40,451,4
40,51,2
40,327,3
40,442,1
40,128,3
40,46,1
40,55,2
40,225,2
40,352,1
40,278,4
40,217,1
40,500,1
40,92,4
40,313,4
40,389,3
40,259,1
40,388,2
40,486,3
40,91,4
40,10,2
40,45,1
40,188,4
40,266,1
40,134,2
40,3,3
40,413,2
40,404,1
40,102,4
40,99,3
40,68,1
40,123,3
40,400,4
40,41,2
40,423,1
40,138,4
40,353,3
40,216,2
40,498,3
40,34,2
40,418,4
40,201,2
40,331,2
40,430,2
40,401,1
40,439,2
40,6,1
40,334,1
40,289,1
40,319,4
40,257,3
40,76,2
40,199,4
40,285,2
40,156,3
40,448,4
40,25,4
40,165,3
40,466,4
40,7,4
40,409,1
40,4,3
40,367,3
40,326,3
40,450,2
40,208,2
40,215,3
40,464,2
40,265,1
40,50,3
40,467,3
40,374,2
40,108,1
40,226,3
40,13,3
41,455,3
41,235,3
41,155,2
41,349,4
41,64,1
41,18,4
41,178,2
41,263,4
41,337,3
41,200,4
41,129,3
41,416,2
41,322,2
41,425,1
41,29,4
41,112,4
41,157,2
41,341,2
41,140,3
41,373,2
41,291,4
41,168,1
41,432,4
41,370,1
41,146,1
41,238,4
41,451,1
41,51,2
41,327,1
41,442,2
41,128,2
41,46,1
41,55,2
41,225,2
41,352,1
41,278,2
41,217,1
41,500,4
41,92,4
41,313,3
41,389,4
41,259,3
41,388,3
41,486,3
41,91,1
41,10,4
41,45,2
41,188,4
41,266,2
41,134,1
41,3,2
41,413,4
41,404,2
41,102,4
41,99,2
41,68,3
41,123,3
41,400,2
41,41,2
41,423,4
41,138,2
41,353,4
41,216,1
41,498,4
41,34,2
41,418,3
41,201,1
41,331,2
41,430,1
41,401,3
41,439,4
41,6,4
41,334,3
41,289,3
41,319,1
41,257,3
41,76,1
41,199,4
41,285,2
41,156,4
41,448,2
41,25,1
41,165,4
41,466,2
41,7,3
41,409,1
41,4,1
41,367,4
41,326,2
41,450,3
41,208,2
41,215,4
41,464,4
41,265,4
41,50,3
41,467,3
41,374,1
41,108,2
41,226,4
41,13,2
42,455,1
42,235,4
42,155,3
42,349,2
42,64,2
42,18,4
42,178,2
42,263,2
42,337,1
42,200,3
42,129,2
42,416,2
42,322,2
42,425,1
42,29,1
42,112,4
42,157,1
42,341,4
42,140,1
42,373,4
42,291,4
42,168,2
42,432,3
42,370,2
42,146,3
42,238,3
42,451,4
42,51,1
42,327,2
42,442,2
42,128,3
42,46,4
42,55,4
42,225,1
42,352,2
42,278,1
42,217,2
42,500,3
42,92,2
42,313,2
42,389,3
42,259,2
42,388,3
42,486,3
42,91,3
42,10,4
42,45,4
42,188,2
42,266,3
42,134,4
42,3,1
42,413,1
42,404,4
42,102,4
42,99,2
42,68,2
42,123,4
42,400,2
42,41,1
42,423,3
42,138,2
42,353,1
42,216,1
42,498,2
42,34,1
42,418,4
42,201,2
42,331,3
42,430,1
42,401,2
42,439,2
42,6,2
42,334,3
42,289,2
42,319,1
42,257,2
42,76,2
42,199,2
42,285,1
42,156,4
42,448,3
42,25,4
42,165,4
42,466,2
42,7,4
42,409,3
42,4,3
42,367,4
42,326,4
42,450,4
42,208,4
42,215,3
42,464,3
42,265,1
42,50,1
42,467,3
42,374,3
42,108,3
42,226,2
42,13,2
43,455,1
43,235,4
43,155,4
43,349,2
43,64,3
43,18,4
43,178,3
43,263,3
43,337,3
43,200,4
43,129,2
43,416,2
43,322,4
43,425,2
43,29,2
43,112,4
43,157,4
43,341,4
43,140,3
43,373,1
43,291,1
43,168,4
43,432,1
43,370,4
43,146,2
43,238,3
43,451,4
43,51,1
43,327,2
43,442,2
43,128,3
43,46,4
43,55,1
43,225,4
43,352,2
43,278,4
43,217,3
43,500,4
43,92,1
43,313,3
43,389,1
43,259,2
43,388,1
43,486,1
43,91,2
43,10,4
43,45,1
43,188,1
43,266,2
43,134,1
43,3,3
43,413,1
43,404,4
43,102,3
43,99,4
43,68,1
43,123,1
43,400,3
43,41,3
43,423,4
43,138,3
43,353,1
43,216,3
43,498,2
43,34,3
43,418,4
43,201,4
43,331,1
43,430,1
43,401,4
43,439,4
43,6,1
43,334,3
43,289,4
43,319,1
43,257,4
43,76,2
43,199,1
43,285,4
43,156,2
43,448,1
43,25,4
43,165,2
43,466,2
43,7,3
43,409,1
43,4,3
43,367,2
43,326,1
43,450,1
43,208,4
43,215,1
43,464,2
43,265,2
43,50,3
43,467,1
43,374,4
43,108,4
43,226,2
43,13,3
44,455,1
44,235,2
44,155,4
44,349,1
44,64,3
44,18,2
44,178,2
44,263,2
44,337,1
44,200,2
44,129,2
44,416,4
44,322,3
44,425,1
44,29,2
44,112,4
44,157,3
44,341,3
44,140,1
44,373,2
44,291,2
44,168,2
44,432,4
44,370,2
44,146,2
44,238,4
44,451,3
44,51,1
44,327,2
44,442,2
44,128,1
44,46,4
44,55,1
44,225,2
44,352,4
44,278,3
44,217,3
44,500,2
44,92,4
44,313,2
44,389,3
44,259,4
44,388,4
44,486,4
44,91,4
44,10,2
44,45,2
44,188,4
44,266,2
44,134,2
44,3,4
44,413,3
44,404,4
44,102,1
44,99,4
44,68,2
44,123,1
44,400,2
44,41,3
44,423,2
44,138,4
44,353,4
44,216,4
44,498,3
44,34,1
44,418,2
44,201,4
44,331,1
44,430,3
44,401,3
44,439,3
44,6,4
44,334,2
44,289,4
44,319,3
44,257,2
44,76,1
44,199,2
44,285,3
44,156,1
44,448,2
44,25,1
44,165,2
44,466,4
44,7,2
44,409,1
44,4,2
44,367,4
44,326,3
44,450,4
44,208,1
44,215,4
44,464,2
44,265,2
44,50,1
44,467,3
44,374,2
44,108,4
44,226,2
44,13,3
45,455,4
45,235,1
45,155,1
45,349,4
45,64,2
45,18,4
45,178,3
45,263,2
45,337,3
45,200,3
45,129,2
45,416,1
45,322,4
45,425,3
45,29,3
45,112,1
45,157,3
45,341,2
45,140,2
45,373,4
45,291,3
45,168,2
45,432,2
45,370,4
45,146,2
45,238,4
45,451,2
45,51,4
45,327,1
45,442,2
45,128,1
45,46,2
45,55,4
45,225,2
45,352,3
45,278,2
45,217,2
45,500,1
45,92,3
45,313,2
45,389,3
45,259,1
45,388,1
45,486,2
45,91,4
45,10,1
45,45,3
45,188,4
45,266,1
45,134,2
45,3,4
45,413,4
45,404,4
45,102,4
45,99,2
45,68,4
45,123,1
45,400,1
45,41,4
45,423,3
45,138,3
45,353,3
45,216,2
45,498,4
45,34,4
45,418,2
45,201,1
45,331,2
45,430,3
45,401,1
45,439,3
45,6,4
45,334,2
45,289,4
45,319,4
45,257,4
45,76,4
45,199,3
45,285,1
45,156,3
45,448,2
45,25,1
45,165,3
45,466,2
45,7,1
45,409,1
45,4,3
45,367,1
45,326,4
45,450,2
45,208,2
45,215,4
45,464,3
45,265,4
45,50,3
45,467,2
45,374,3
45,108,4
45,226,4
45,13,2
46,455,1
46,235,3
46,155,4
46,349,3
46,64,4
46,18,4
46,178,1
46,263,3
46,337,4
46,200,2
46,129,3
46,416,4
46,322,4
46,425,3
46,29,4
46,112,2
46,157,1
46,341,1
46,140,2
46,373,4
46,291,3
46,168,4
46,432,3
46,370,3
46,146,3
46,238,1
46,451,2
46,51,4
46,327,2
46,442,2
46,128,1
46,46,2
46,55,2
46,225,3
46,352,3
46,278,2
46,217,4
46,500,4
46,92,2
46,313,3
46,389,4
46,259,3
46,388,2
46,486,4
46,91,4
46,10,3
46,45,4
46,188,3
46,266,1
46,134,1
46,3,1
46,413,2
46,404,1
46,102,1
46,99,3
46,68,4
46,123,2
46,400,1
46,41,2
46,423,4
46,138,2
46,353,2
46,216,4
46,498,2
46,34,2
46,418,3
46,201,1
46,331,4
46,430,1
46,401,1
46,439,2
46,6,2
46,334,1
46,289,1
46,319,3
46,257,3
46,76,2
46,199,2
46,285,3
46,156,3
46,448,3
46,25,1
46,165,2
46,466,4
46,7,2
46,409,4
46,4,2
46,367,3
46,326,2
46,450,1
46,208,4
46,215,1
46,464,1
46,265,1
46,50,4
46,467,4
46,374,2
46,108,4
46,226,1
46,13,2
47,455,4
47,235,1
47,155,4
47,349,4
47,64,1
47,18,1
47,178,4
47,263,1
47,337,4
47,200,1
47,129,3
47,416,3
47,322,1
47,425,1
47,29,1
47,112,2
47,157,3
47,341,2
47,140,2
47,373,1
47,291,2
47,168,2
47,432,4
47,370,2
47,146,4
47,238,4
47,451,2
47,51,2
47,327,1
47,442,4
47,128,2
47,46,1
47,55,3
47,225,1
47,352,4
47,278,3
47,217,3
47,500,3
47,92,2
47,313,1
47,389,4
47,259,3
47,388,2
47,486,4
47,91,1
47,10,4
47,45,2
47,188,4
47,266,2
47,134,2
47,3,2
47,413,2
47,404,2
47,102,4
47,99,1
47,68,3
47,123,4
47,400,1
47,41,4
47,423,1
47,138,3
47,353,2
47,216,3
47,498,3
47,34,2
47,418,3
47,201,2
47,331,4
47,430,4
47,401,4
47,439,4
47,6,4
47,334,4
47,289,3
47,319,1
47,257,1
47,76,1
47,199,3
47,285,4
47,156,4
47,448,3
47,25,3
47,165,3
47,466,4
47,7,1
47,409,1
47,4,3
47,367,2
47,326,4
47,450,3
47,208,1
47,215,1
47,464,2
47,265,1
47,50,1
47,467,3
47,374,3
47,108,1
47,226,2
47,13,1
48,455,3
48,235,1
48,155,3
48,349,4
48,64,1
48,18,3
48,178,1
48,263,2
48,337,2
48,200,3
48,129,4
48,416,1
48,322,1
48,425,3
48,29,1
48,112,4
48,157,1
48,341,1
48,140,2
48,373,2
48,291,4
48,168,4
48,432,3
48,370,1
48,146,3
48,238,3
48,451,1
48,51,1
48,327,2
48,442,3
48,128,4
48,46,3
48,55,3
48,225,2
48,352,1
48,278,3
48,217,4
48,500,2
48,92,4
48,313,3
48,389,1
48,259,1
48,388,1
48,486,2
48,91,2
48,10,1
48,45,2
48,188,4
48,266,3
48,134,3
48,3,2
48,413,3
48,404,3
48,102,1
48,99,2
48,68,4
48,123,2
48,400,4
48,41,4
48,423,4
48,138,3
48,353,3
48,216,2
48,498,2
48,34,4
48,418,1
48,201,4
48,331,2
48,430,2
48,401,3
48,439,3
48,6,1
48,334,4
48,289,2
48,319,1
48,257,1
48,76,2
48,199,4
48,285,3
48,156,2
48,448,2
48,25,4
48,165,3
48,466,4
48,7,1
48,409,3
48,4,3
48,367,3
48,326,1
48,450,3
48,208,3
48,215,3
48,464,1
48,265,3
48,50,2
48,467,2
48,374,3
48,108,2
48,226,2
48,13,4
49,455,4
49,235,3
49,155,4
49,349,4
49,64,4
49,18,3
49,178,1
49,263,1
49,337,3
49,200,4
49,129,1
49,416,2
49,322,4
49,425,3
49,29,4
49,112,1
49,157,1
49,341,4
49,140,1
49,373,1
49,291,2
49,168,3
49,432,3
49,370,2
49,146,4
49,238,3
49,451,1
49,51,3
49,327,4
49,442,4
49,128,3
49,46,1
49,55,2
49,225,2
49,352,4
49,278,2
49,217,4
49,500,4
49,92,1
49,313,4
49,389,2
49,259,1
49,388,3
49,486,2
49,91,2
49,10,4
49,45,3
49,188,3
49,266,4
49,134,2
49,3,1
49,413,3
49,404,1
49,102,1
49,99,1
49,68,4
49,123,1
49,400,4
49,41,1
49,423,3
49,138,2
49,353,2
49,216,4
49,498,2
49,34,1
49,418,3
49,201,1
49,331,3
49,430,3
49,401,2
49,439,3
49,6,2
49,334,3
49,289,1
49,319,4
49,257,2
49,76,1
49,199,4
49,285,3
49,156,3
49,448,3
49,25,1
49,165,4
49,466,1
49,7,3
49,409,4
49,4,4
49,367,2
49,326,2
49,450,4
49,208,2
49,215,3
49,464,1
49,265,2
49,50,2
49,467,2
49,374,2
49,108,2
49,226,4
49,13,2
50,455,3
50,235,1
50,155,4
50,349,1
50,64,3
50,18,2
50,178,4
50,263,3
50,337,1
50,200,1
50,129,1
50,416,4
50,322,4
50,425,1
50,29,3
50,112,1
50,157,1
50,341,2
50,140,4
50,373,1
50,291,3
50,168,4
50,432,1
50,370,3
50,146,1
50,238,4
50,451,3
50,51,4
50,327,1
50,442,2
50,128,3
50,46,3
50,55,1
50,225,1
50,352,2
50,278,4
50,217,1
50,500,1
50,92,1
50,313,1
50,389,3
50,259,1
50,388,1
50,486,4
50,91,4
50,10,3
50,45,2
50,188,3
50,266,3
50,134,4
50,3,4
50,413,1
50,404,1
50,102,1
50,99,4
50,68,2
50,123,2
50,400,1
50,41,4
50,423,4
50,138,3
50,353,1
50,216,3
50,498,4
50,34,3
50,418,1
50,201,3
50,331,1
50,430,1
50,401,1
50,439,3
50,6,2
50,334,2
50,289,1
50,319,3
50,257,4
50,76,3
50,199,1
50,285,3
50,156,4
50,448,1
50,25,3
50,165,2
50,466,3
50,7,1
50,409,1
50,4,4
50,367,1
50,326,1
50,450,4
50,208,4
50,215,4
50,464,4
50,265,4
50,50,1
50,467,2
50,374,2
50,108,1
50,226,1
50,13,4
51,188,4
51,334,2
51,445,1
51,198,3
51,62,1
51,321,4
51,340,1
51,39,2
51,411,1
51,272,1
51,450,2
51,215,4
51,240,4
51,309,1
51,166,2
51,462,2
51,249,2
51,25,1
51,203,3
51,160,4
51,459,1
51,242,4
51,235,3
51,258,3
51,111,4
51,227,2
51,190,3
51,284,2
51,404,2
51,120,1
51,294,2
51,270,3
51,391,2
51,318,2
51,197,1
51,485,4
51,310,2
51,315,3
51,498,2
51,380,3
51,9,2
51,56,1
51,392,3
51,381,3
51,313,4
51,492,3
51,282,1
51,483,3
51,383,1
51,393,1
51,277,4
51,426,1
51,434,3
51,472,4
51,28,4
51,443,2
51,323,2
51,250,3
51,103,2
51,199,1
51,394,4
51,121,1
51,356,3
51,22,2
51,248,4
51,177,4
51,378,4
51,317,2
51,440,4
51,452,4
51,390,2
51,7,4
51,81,2
51,152,4
51,226,2
51,11,2
51,100,4
51,149,1
51,409,1
51,34,3
51,159,1
51,377,3
51,174,2
51,456,4
51,491,1
51,238,2
51,387,4
51,302,3
51,449,4
51,139,1
51,495,3
51,292,2
51,333,3
51,349,3
51,136,2
51,372,1
51,116,3
51,117,1
51,293,3
51,425,3
51,322,3
51,253,2
51,419,4
51,26,3
51,162,3
51,191,1
51,156,4
51,187,4
51,20,1
51,403,2
51,220,3
51,229,3
51,114,4
51,338,4
51,96,1
51,112,3
51,285,2
51,125,3
51,53,3
51,437,3
51,211,2
51,269,2
51,219,4
51,205,2
51,398,1
51,214,1
51,424,1
51,78,2
51,316,1
51,297,2
51,493,1
51,274,2
51,471,1
51,331,3
51,142,2
51,406,1
51,63,4
51,74,1
51,217,1
51,137,1
51,4,3
51,58,2
51,326,3
51,47,1
51,453,4
51,367,2
51,54,1
51,145,2
51,71,3
51,60,4