Sport,Year,Manufacturer,Athlete,Number,Description,Grade,Certification No.,Purchase Date,Purchase From,Purchase Price,Sold Date,Sold Price,Sold Payment Received,Expenses Shipping,Expenses Grading,Expenses Fees,Profit,ROI
Football,2014,Topps Chrome,Aaron Donald,175,Blue Wave Refractor,,,,Box,$100.00,,,,,,,,
Basketball,2022-23,Prizm,Max Christie,270,"Rookie, Purple Cracked",-,,3/28/2024,eBay,$32.50,,,,,,,,
Basketball,2023-24,Prizm,Max Christie,RSI-MAX,Rookie Card Auto,,,3/28/2024,eBay,$10.95,,,,,,,,
Soccer,2023-24,Prizm,Kobbie Mainoo,38,"Rookie, Pink Prizm /149",,,3/29/2024,eBay,$15.84,,,,,,,,
Soccer,2020-21,Prizm,Mason Greenwood,15,"Rookie, Purple Prizm /99",,,3/29/2024,eBay,$32.30,,,,,,,,
Soccer,2022-23,Panini Select,Marcus Rashford,121,Pink Ice Mezzanine,,,3/30/2024,eBay,$1.99,,,,,,,,
Soccer,2021-22,Prizm,Bruno Fernandes,279,Green Wave,,,3/30/2024,eBay,$1.99,,,,,,,,
Soccer,2022-23,Donruss,Alejandro Garnacho,199,Rated Rookie,,,3/30/2024,eBay,$1.99,,,,,,,,
Soccer,2020-21,Topps Merlin Chrome,Marcus Rashford,W-MR,Chrome Wizards of the pitch,,,3/30/2024,eBay,$1.99,,,,,,,,
Soccer,2020-21,Prizm,Donny van de Beek,10,Blue Breakaway,,,3/30/2024,eBay,$1.99,,,,,,,,
Soccer,2023-24,Donruss Optic,Manchester United,-,,,,3/30/2024,eBay,$1.99,,,,,,,,
Soccer,2022-23,Topps Merlin Chrome UEFA,Roy Keane,AA-5,Ageless Alchemy,,,3/30/2024,eBay,$1.99,,,,,,,,
Soccer,2022-23,Donruss Optic,Tyrell Malacia,200,"Rated Rooke, Orange Ice",,,3/30/2024,eBay,$1.99,,,,,,,,
Soccer,2021-22,Topps Merlin Chrome UEFA,Donny van de Beek,82,Pink Wave,,,3/30/2024,eBay,$1.99,,,,,,,,
Soccer,2019-20,Prizm,Phil Jones,59,Blue Prizm /199,,,3/30/2024,eBay,$3.73,,,,,,,,
Soccer,2021-22,Topps Finest UEFA UCL,Paul Scholes,TC-5,Centurions,,,3/30/2024,eBay,$7.44,,,,,,,,
Soccer,2022-23,Immaculate,Luke Shaw,,Patch /49,,,3/31/2024,eBay,$16.25,,,,,,,,
Soccer,2021-22,Topps Finest UEFA UCL,Paul Scholes,TC-5,Centurions,,,3/31/2024,eBay,$7.66,,,,,,,,
Soccer,2022-23,Topps Chrome UEFA UCL,Zidane Iqbal,,Green Shimmer /399,,,3/31/2024,eBay,$4.17,,,,,,,,
Soccer,2023-24,Prizm,Antony,37,Red Laser /49,,,3/31/2024,eBay,$18.56,,,,,,,,
Soccer,2022-23,Prizm,Scott McTominay,78,Pink /199,,,3/31/2024,eBay,$2.20,,,,,,,,
Soccer,2021-22,Immaculate,Aaron Wan-Bissaka,,Patch 1/10,,,3/31/2024,eBay,$38.25,,,,,,,,
Soccer,2023-24,Prizm,Eric Cantona,CL-EC,Club Legends,,,3/31/2024,eBay,$58.47,,,,,,,,
Soccer,2023-24,Prizm,Scott McTominay,216,Blue Prizm /299,,,3/31/2024,eBay,$7.72,,,,,,,,
Football,2017-18,Panini Contenders,Marshawn Lynch,73,,,,4/1/2024,eBay,$1.46,,,,,,,,
Soccer,1996-97,Merlin Premier Gold,Ole Gunnar Solskjaer,88,Rookie,,,4/2/2024,eBay,$12.31,,,,,,,,
Soccer,1990-91,Pro Set English Soccer,Roy Keane,175,Rookie,,,4/2/2024,eBay,$3.23,,,,,,,,
Soccer,2023-24,Topps Finest Road to the Euros,Francesco Totti,,Euro Master Refractor,,,4/2/2024,eBay,$2.76,,,,,,,,
Soccer,2022-23,Prizm,Hannibal Mejbri,195,Red Prism /399,,,4/3/2024,eBay,$2.64,,,,,,,,
Basketball,2023-24,Leaf Optichrome,Ron Harper Jr,,Rookie Card Auto /3,,,4/3/2024,eBay,$6.54,,,,,,,,
Basketball,2022-23,Mosaic,Rui Hachimura,139,Purple Disco /50,,,4/3/2024,eBay,$12.40,,,,,,,,
Basketball,2019-20,Panini Donruss Optic,Rui Hachimura,188,Fanatics Prize Rookie,9,,4/3/2024,eBay,$11.56,,,,,,,,
Soccer,2021-22,Topps UEFA Champions League,Hannibal Mejbri,53,Starball Rookie,,,4/3/2024,eBay,$2.71,1/15/25,4.25,,,,,1.54,0.5683
Basketball,1993-94,Topps,Tony Kukoc,316,Rookie,,,4/3/2024,eBay,$2.41,,,,,,,,
Basketball,2019-20,Panini National Convention VIP Gold Party,Cam Reddish,71,Rookie Silver Prize,9,,4/3/2024,eBay,$9.37,,,,,,,,
Soccer,2019-20,Prizm,Juan Mata,62,Red Mosaic /109,,,4/4/2024,eBay,$10.90,,,,,,,,
Soccer,2023-24,Prizm,Aaron Wan-Bissaka,54,Red /49,,,4/5/2024,eBay,$2.56,,,,,,,,
Basketball,2000-01,Futera Fans Selection,Massimo Taibi,132,,,,4/6/2024,eBay,$1.73,,,,,,,,
Basketball,1997-98,Metal Universe,Keith van Horn,80,Rookie foil,,,4/6/2024,eBay,$1.95,,,,,,,,
Football,2022-23,Immaculate,Keenan Allen,70,40/99,,,4/6/2024,eBay,$5.45,,,,,,,,
Soccer,2021-22,Topps Chrome UEFA UCL,Eric Cantona,G-8,Golazo Refractor,,,4/6/2024,eBay,$5.48,,,,,,,,
Basketball,2021-22,Panini Donruss Optic,Anthony Davis,4,T-minus,,,4/6/2024,eBay,$1.64,,,,,,,,
Soccer,2004-05,SP Authentic,Darren Fletcher,24,,,,4/6/2024,eBay,$1.15,,,,,,,,
Soccer,2004-05,SP Authentic,Darren Fletcher,84,,,,4/6/2024,eBay,$1.15,,,,,,,,
Soccer,1996-97,Merlin Premier Gold,Ole Gunnar Solskjaer,88,Rookie,,,4/6/2024,eBay,$4.99,,,,,,,,
Soccer,2021-22,Topps Chrome UEFA UCL,Paul Scholes,62,Blue Prism Refractor,,,4/6/2024,eBay,$2.21,,,,,,,,
Basketball,2023-24,Donruss,LeBron James,7,Bomb Squad,,,4/6/2024,eBay,$1.70,,,,,,,,
Basketball,2023-24,Donruss,LeBron James,7,Bomb Squad,,,4/6/2024,eBay,$1.70,,,,,,,,
Basketball,2023-24,Donruss,LeBron James,7,Bomb Squad,,,4/6/2024,eBay,$1.70,,,,,,,,
Basketball,2023-24,Donruss,LeBron James,7,Bomb Squad,,,4/6/2024,eBay,$1.70,,,,,,,,
Soccer,2021-22,Topps Chrome UEFA UCL,Eric Cantona,99,Refractor,,,4/6/2024,eBay,$3.30,,,,,,,,
Basketball,2023-24,Donruss,Magic Johnson,20,Bomb Squad,,,4/6/2024,eBay,$1.74,,,,,,,,
Football,2014-15,Immaculate,CJ Spiller,54,/99,,,4/7/2024,eBay,$2.18,,,,,,,,
Football,2014-15,Immaculate,Trent Richardson,26,/99,,,4/7/2024,eBay,$2.18,,,,,,,,
Basketball,2021-22,Prizm,Anthony Davis,4,Fearless Fast Break Disco Prizm,,,4/7/2024,eBay,$2.43,,,,,,,,
Basketball,1988-89,SP Authentic,Dennis Rodman,45,Base,,,4/7/2024,eBay,$3.46,,,,,,,,
Soccer,2021-22,Topps UEFA Stadium Club Chrome,Paul Scholes,62,Black and White /299,,,4/8/2024,eBay,$6.57,,,,,,,,
Basketball,1988-89,Fleer,Dennis Rodman,43,Rookie,,,4/8/2024,eBay,$21.80,,,,,,,,
Basketball,1991-92,Upper Deck,Jud Buechler,334,Rookie Auto,,,4/9/2024,eBay,$3.43,,,,,,,,
Basketball,2005-06,Topps Bazooka,Sasha Vujacic,202,Rookie,,,4/10/2024,San Mateo,$1.00,,,,,,,,
Basketball,2021-22,Mosaic,Mike Evans,TM8,Silver Prizm,,,4/10/2024,San Mateo,$3.00,,,,,,,,
Football,2017-18,Donruss,Marshawn Lynch,241,Blue Press Proof,,,4/10/2024,San Mateo,$1.00,,,,,,,,
Basketball,2007-08,Topps Stadium Club,Joakim Noah,109,Refractor /999,,,4/10/2024,San Mateo,$5.00,,,,,,,,
Basketball,2019-20,NBA Hoops,Aaron Gordon,137,Flash Prizm,,,4/10/2024,San Mateo,$1.00,,,,,,,,
Basketball,2018-19,Panini Contenders,Lonzo Ball,20,Base,,,4/10/2024,San Mateo,$1.00,,,,,,,,
Football,2013-14,Topps,Matthew Stafford,2,4000 yard club,,,4/10/2024,San Mateo,$1.00,,,,,,,,
Football,2021-22,Panini Chronicles,Justin Herbert,MAG-18,Magnitude,,,4/10/2024,San Mateo,$3.00,,,,,,,,
Basketball,2007-08,Topps Co-signer,Joakim Noah / Luol Deng,91,Silver foil /19,,,4/11/2024,eBay,$16.35,,,,,,,,
Football,2014-15,Topps Chrome,Derek Carr,18,1985 mini refractor /50,,,4/11/2024,eBay,$21.94,,,,,,,,
Soccer,2021-22,Prizm,Scott McTominay,280,Blue Breakaway /199,,,4/11/2024,eBay,$2.75,,,,,,,,
WWE,2023-24,Prizm,Ronda Rousey,194,Teal Prizm /49,,,4/11/2024,eBay,$16.35,,,,,,,,
Basketball,2004-05,Flair,Luol Deng,61,Rookie,,,4/11/2024,eBay,$2.73,,,,,,,,
Basketball,2023-24,Donruss,Steph Curry,1,Bomb Squad Purple /99,,,4/12/2024,Facebook,$20.00,2/25/25,85.78,,,20,,45.78,1.1445
Basketball,2023-24,Prizm Draft Picks,Victor Wembanyama,2,Rookie,,,4/12/2024,Facebook,$4.00,,,,,,,,
Basketball,2023-24,Prizm Draft Picks,Victor Wembanyama,2,Rookie,,,4/12/2024,Facebook,$4.00,,,,,,,,
Basketball,2023-24,Donruss,Kobe Bufkin,204,Rookie holo red and green laser /75,,,4/12/2024,Facebook,$1.00,,,,,,,,
Basketball,2023-24,Donruss,Keyonte George,244,Rookie,,,4/12/2024,Facebook,$1.00,,,,,,,,
Basketball,2023-24,Donruss,Luka Doncic,5,Complete Players,,,4/12/2024,Facebook,$1.00,,,,,,,,
Basketball,2023-24,Donruss,Cam Whitemore,3,Great Expectations,,,4/12/2024,Facebook,$1.00,,,,,,,,
Basketball,2023-24,Donruss,Scoot Henderson,8,Great Expectations,,,4/12/2024,Facebook,$1.00,,,,,,,,
Basketball,2023-24,Donruss,Dariq Whitehead,19,Great Expectations,,,4/12/2024,Facebook,$1.00,,,,,,,,
Basketball,2023-24,Donruss,Marcus Sasser,25,Great Expectations,,,4/12/2024,Facebook,$1.00,,,,,,,,
Basketball,2023-24,Donruss,Kawhi Leonard,12,T-Minus,,,4/12/2024,Facebook,$1.00,,,,,,,,
Basketball,2023-24,Donruss,LeBron James,10,Magician,,,4/12/2024,Facebook,$1.00,,,,,,,,
Basketball,2023-24,Donruss,Scoot Henderson,2,Magician,,,4/12/2024,Facebook,$1.00,,,,,,,,
Basketball,2023-24,Donruss,Kyrie Irving,4,Bomb Squad,,,4/12/2024,Facebook,$1.00,,,,,,,,
Basketball,2023-24,Donruss,Zion Williamson,9,Bomb Squad,,,4/12/2024,Facebook,$1.00,,,,,,,,
Basketball,2023-24,Donruss,Dirt Nowitzki,16,Bomb Squad,,,4/12/2024,Facebook,$1.00,,,,,,,,
Basketball,2023-24,Donruss,James Nnaji,215,Rookie holo red and green laser /75,,,4/12/2024,Facebook,$1.00,,,,,,,,
Basketball,2023-24,Donruss,Maxwell Lewis,235,Rookie green,,,4/12/2024,Facebook,$1.00,,,,,,,,
Basketball,2023-24,Donruss,Max Christie,117,Green laser,,,4/12/2024,Facebook,$1.00,,,,,,,,
Basketball,2023-24,Donruss,LeBron James,23,Franchise Features,,,4/12/2024,Facebook,$1.00,,,,,,,,
Basketball,2023-24,Donruss Optic,"Luka Doncic, Kyrie Irving",5,Optical Illusions Purple,,,4/12/2024,Facebook,$1.00,,,,,,,,
Basketball,2023-24,Donruss,Jayson Tatum,23,Franchise Features,,,4/12/2024,Facebook,$1.00,,,,,,,,
Basketball,2023-24,Donruss,D’Angelo Russell,118,Green laser,,,4/12/2024,Facebook,$1.00,,,,,,,,
Basketball,2023-24,Donruss,AJ Griffin,216,Rookie green,,,4/12/2024,Facebook,$1.00,,,,,,,,
Basketball,2023-24,Donruss,Josh Hart,714,Green,,,4/12/2024,Facebook,$1.00,,,,,,,,
Basketball,2023-24,Donruss,Steph Curry,65,Green,,,4/12/2024,Facebook,$1.00,,,,,,,,
Basketball,2023-24,Donruss,Kentavious Caldwell-Pope,193,Green,,,4/12/2024,Facebook,$1.00,,,,,,,,
Basketball,2023-24,Donruss,Seth Curry,23,Green,,,4/12/2024,Facebook,$1.00,,,,,,,,
Basketball,2023-24,Donruss,Blake Wesley,99,Green,,,4/12/2024,Facebook,$1.00,,,,,,,,
Basketball,2023-24,Donruss,Hunter Tyson,201,Rookie green,,,4/12/2024,Facebook,$1.00,,,,,,,,
Basketball,2023-24,Donruss,Saddiq Bey,175,Green,,,4/12/2024,Facebook,$1.00,,,,,,,,
Basketball,2023-24,Donruss,Jarrett Allen,40,Green,,,4/12/2024,Facebook,$1.00,,,,,,,,
Basketball,2023-24,Donruss,Bradley Beal,19,Green,,,4/12/2024,Facebook,$1.00,,,,,,,,
Basketball,2023-24,Donruss,Ochai Agbaji,42,Green,,,4/12/2024,Facebook,$1.00,,,,,,,,
Basketball,2023-24,Donruss Optic,Khris Middleton,82,Purple,,,4/12/2024,Facebook,$1.00,,,,,,,,
Basketball,2023-24,Donruss,Ja Morant,131,Green,,,4/12/2024,Facebook,$1.00,,,,,,,,
Basketball,2023-24,Donruss,Trae Young,11,Franchise Features,,,4/12/2024,Facebook,$1.00,,,,,,,,
Basketball,2023-24,Donruss Optic,Nikola Jovic,224,Rookie,,,4/12/2024,Facebook,$1.00,,,,,,,,
Basketball,2023-24,Donruss,Donovan Mitchell,6,Franchise Features,,,4/12/2024,Facebook,$1.00,,,,,,,,
Basketball,2023-24,Donruss,Shai Gilgeous-Alexander,18,Franchise Features,,,4/12/2024,Facebook,$1.00,,,,,,,,
Basketball,2023-24,Donruss,Giannis Antetokounmpo,188,Green,,,4/12/2024,Facebook,$1.00,,,,,,,,
Basketball,2023-24,Donruss,Zion Williamson,28,Franchise Features,,,4/12/2024,Facebook,$1.00,,,,,,,,
Basketball,2023-24,Prizm Draft Picks,Steph Curry,53,Red,,,4/12/2024,Facebook,$1.00,,,,,,,,
Basketball,2023-24,Prizm Draft Picks,Larry Bird,95,Red,,,4/12/2024,Facebook,$1.00,,,,,,,,
Basketball,2023-24,Prizm Draft Picks,Jerry West,81,Red,,,4/12/2024,Facebook,$1.00,,,,,,,,
Basketball,2023-24,Prizm Draft Picks,Tosan Evbuomwan,11,Rookie red,,,4/12/2024,Facebook,$1.00,,,,,,,,
Basketball,2023-24,Prizm Draft Picks,Scoot Henderson,24,Rookie red,,,4/12/2024,Facebook,$1.00,,,,,,,,
Basketball,2023-24,Prizm Draft Picks,Tristan Vukcevic,38,Rookie red,,,4/12/2024,Facebook,$1.00,,,,,,,,
Basketball,2023-24,Prizm Draft Picks,Jordan Hawkins,42,Rookie Green,,,4/12/2024,Facebook,$1.00,,,,,,,,
Basketball,2023-24,Prizm Draft Picks,Kevin Durant,17,Fireworks,,,4/12/2024,Facebook,$1.00,,,,,,,,
Soccer,2021-22,Donruss,Zlatan Ibrahimovic,17,Marvels,,,4/13/2024,Whatnot,$9.89,,,,,,,,
Football,2023-24,Prizm Draft Picks,Will Anderson Jr,162,Rookie purple /149,,,4/13/2024,Whatnot,$9.97,,,,,,,,
Soccer,2023-24,Merlin,Alejandro Garnacho,U21-1,Under 21,,,4/20/2024,SJ Card Show,$2.00,,,,,,,,
Soccer,2023-24,Merlin,Alejandro Garnacho,96,Rookie,,,4/20/2024,SJ Card Show,$2.00,,,,,,,,
Soccer,2023-24,Stadium Club Chrome,Alejandro Garnacho,49,Rookie,,,4/20/2024,SJ Card Show,$1.00,,,,,,,,
Soccer,2023-24,Merlin,Julian Alvarez,94,Rookie aqua,,,4/20/2024,SJ Card Show,$2.00,,,,,,,,
Soccer,2023-24,Stadium Club Chrome,Kaka,31,Blue Prizm refractor,,,4/20/2024,SJ Card Show,$1.00,11/5/24,6,,,,,5.00,5.0000
Soccer,2023-24,Stadium Club Chrome,Lionel Messi,80,,,,4/20/2024,SJ Card Show,$1.00,1/15/25,4.25,,,,,3.25,3.2500
Football,2023-24,Prizm,Michael Mayer,PJ-MM,Premier Jerseys Pink,,,4/20/2024,SJ Card Show,$3.00,,,,,,,,
Football,2023-24,Prizm,Tyree Wilson,PJ-TW,Premier Jerseys Green,,,4/20/2024,SJ Card Show,$3.00,,,,,,,,
Baseball,1994-95,Flair,Alex Rodriguez,340,Rookie,9,,4/20/2024,SJ Card Show,$15.00,,,,,,,,
Basketball,2012-13,Panini,Anthony Davis,241,Rookie,9,,4/20/2024,SJ Card Show,$20.00,,,,,,,,
Baseball,2023-24,Topps Allen & Ginter,Alex Rodriguez,7,,,,4/20/2024,SJ Card Show,$2.00,,,,,,,,
Basketball,2000-01,Skybox E-X,Jason Williams,23,,,,4/20/2024,SJ Card Show,$2.00,,,,,,,,
Basketball,2000-01,Skybox E-X,Grant Hill,20,,,,4/20/2024,SJ Card Show,$3.00,,,,,,,,
Basketball,2000-01,Skybox E-X,Jason Kidd,14,,,,4/20/2024,SJ Card Show,$3.00,,,,,,,,
Basketball,2000-01,Skybox E-X,Mike Bibby,31,,,,4/20/2024,SJ Card Show,$2.00,,,,,,,,
Basketball,1996-97,Skybox Z Force,Grant Hill,175,Zuperman,,,4/20/2024,SJ Card Show,$2.00,,,,,,,,
Basketball,1996-97,Skybox Z Force,Michael Jordan,179,Zuperman,,,4/20/2024,SJ Card Show,$5.00,,,,,,,,
Soccer,2021-22,Topps Chrome UEFA UCL,Alessandro Del Piero,L-2,Sapphire,,,4/20/2024,SJ Card Show,$2.00,,,,,,,,
Soccer,2021-22,Topps Chrome UEFA UCL,Paul Pogba,155,Sapphire,,,4/20/2024,SJ Card Show,$2.00,,,,,,,,
Soccer,2021-22,Topps Chrome UEFA UCL,Shola Shoretire,138,"Sapphire, Rookie",,,4/20/2024,SJ Card Show,$2.00,,,,,,,,
Basketball,1996-97,Skybox Z Force,Dennis Rodman,193,Zuperman,,,4/20/2024,SJ Card Show,$2.00,,,,,,,,
Basketball,1996-97,Skybox Z Force,Shaquille O’Neal,187,Zuperman,,,4/20/2024,SJ Card Show,$2.00,,,,,,,,
Basketball,,,Dennis Schroder,,,,,4/20/2024,SJ Card Show,$1.00,,,,,,,,
Basketball,2008-09,Topps,Dennis Rodman,168,,9,,4/21/2024,SJ Card Show,$15.00,,,,,,,,
Golf,2001-02,Upper Deck,Tiger Woods,TT10,Tiger’s Tales,10,,4/21/2024,SJ Card Show,$10.00,,,,,,,,
Football,2021-22,Panini Illusions,Amon-ra St Brown,86,Rookie. /499,,,4/21/2024,SJ Card Show,$1.00,,,,,,,,
Football,2020-21,Panini Select,Justin Herbert,144,Rookie,,,4/21/2024,SJ Card Show,$1.00,,,,,,,,
Basketball,1989-90,NBA Hoops,Steve Kerr,351,Rookie,,,4/21/2024,SJ Card Show,$1.00,,,,,,,,
Basketball,2022-23,Panini Select,Max Christie,181,Rookie,,,4/21/2024,SJ Card Show,$1.00,,,,,,,,
Basketball,1989-90,NBA Hoops,Dennis Rodman,211,,,,4/21/2024,SJ Card Show,$1.00,,,,,,,,
Basketball,1990-91,NBA Hoops,David Robinson,270,,,,4/21/2024,SJ Card Show,$1.00,,,,,,,,
Other,1993-94,,Marilyn Monroe,,,,,4/21/2024,SJ Card Show,$0.00,,,,,,,,
Basketball,1991-92,NBA Hoops,Scottie Pippen,582,,,,4/21/2024,SJ Card Show,$1.00,,,,,,,,
Baseball,1994-95,Fleer,Alex Rodriguez,U86,,,,4/21/2024,SJ Card Show,$1.00,,,,,,,,
Basketball,1997-98,NBA Hoops,Michael Jordan,1,,,,4/21/2024,SJ Card Show,$2.00,,,,,,,,
Basketball,2005-06,SP Authentic,Michael Jordan,12,,,,4/21/2024,SJ Card Show,$4.00,,41.83,,,,,37.83,9.4575
Basketball,2005-06,Upper Deck,Jason Kidd,FR-JK,Fabric Reflections,,,4/21/2024,SJ Card Show,$4.00,,,,,,,,
Soccer,1996-97,Merlin Premier Gold,David Beckham,92,Rookie,,,4/12/2024,eBay,$21.08,,,,,,,,
Soccer,1996-97,Merlin Premier Gold,David Beckham,92,Rookie,,,4/12/2024,eBay,$21.08,,,,,,,,
,2017-18,Hoops,Joakim Noah,101,Teal,,,4/14/2024,eBay,$1.41,,,,,,,,
,1998-99,Topps Chrome,Jason Williams,153,Rookie,,,4/14/2024,eBay,$9.95,,,,,,,,
,2020-21,Prizm,Jonny Evans,123,Red Mojo /135,,,4/14/2024,eBay,$2.07,,,,,,,,
,1996-97,Score,Mariano Rivera,225,Rookie,,,4/15/2024,eBay,$2.00,,,,,,,,
,2014-15,Topps Chrome,Odell Beckham Jr,4,Rookie mini,,,4/15/2024,eBay,$2.00,,,,,,,,
,2001-02,Upper Deck,Tiger Woods,1,Rookie,,,4/15/2024,eBay,$41.28,,,,,,,,
,1998-99,Skybox E-X,Larry Hughes,90,Rookie,,,4/15/2024,eBay,$1.91,,,,,,,,
,2021-22,Prizm,Austin Reaves,165,Rookie Purple wave,,,4/16/2024,eBay,$27.05,,,,,,,,
,2018-19,Topps WWE,Ronda Rousey,101,Rookie,9,,4/16/2024,eBay,$20.33,,,,,,,,
,2002-03,Upper Deck,Phil Mickelson,41,Rookie,,,4/16/2024,eBay,$16.13,,,,,,,,
,1998-99,Topps Finest,Mike Bibby,227,Rookie,9,,4/16/2024,eBay,$8.92,,,,,,,,
Basketball,1993-94,Fleer,Bill Wellington,,Auto,,,4/17/2024,eBay,$9.36,,,,,,,,
,2000-01,Merlin Premier League,Manchester United,281,Team badge sticker,,,4/17/2024,eBay,$6.31,,,,,,,,
,2013-14,SP Authentic,Rory McElroy,R1,Rookie,,,4/17/2024,eBay,$15.10,3/21/25,68.56,,,20,,33.46,0.9533
Soccer,1994-95,Upper Deck World Cup,Roy Keane,165,Rookie,,,4/17/2024,eBay,$1.72,,,,,,,,
Basketball,1994-95,Topps Finest,Jason Kidd,286,,9,,4/17/2024,eBay,$15.26,,,,,,,,
,2023-24,Prizm,David Beckham,19,Groovy,,,4/17/2024,eBay,$115.99,,,,,,,,
,2021-22,Donruss,Alex Rodriguez,UNL23,Unleashed Gold /99,,,4/19/2024,eBay,$13.71,,,,,,,,
Basketball,1989-90,NBA Hoops,Steve Kerr,351,Rookie,,,4/20/2024,eBay,$2.17,,,,,,,,
Soccer,1993-94,Upper Deck World Cup,Luis Figo,137,Rookie,,,4/21/2024,eBay,$26.30,,,,,,,,
,1999,Futera Fans Selection,Manchester United,Lot,Hot shots chrome,,,4/23/2024,eBay,$85.85,,,,,,,,
,Multiple,Futera Fans Selection,Manchester United,Lot,,,,4/23/2024,eBay,$250.82,,,,,,,,
Basketball,1994-95,Topps Finest,Grant Hill,240,Rookie,9,,4/23/2024,eBay,$16.34,,,,,,,,
,2022-23,Panini Select,Dwight Yorke,,Pitchside Auto,,,4/25/2024,eBay,$15.42,,,,,,,,
,1998-99,Futera Fans Selection,Multiple,,Foil World Cup,,,4/25/2024,eBay,$11.69,,,,,,,,
Soccer,1994-95,Upper Deck,Ryan Giggs,282,,,,4/26/2024,eBay,$2.28,,,,,,,,
Soccer,1994-95,Upper Deck World Cup,Bebeto,75,,,,5/3/2024,eBay,$2.44,,,,,,,,
,2014-15,Prizm,Cristiano Ronaldo,161,,9,,5/3/2024,eBay,$31.60,1/15/25,34,,,,,2.40,0.0759
,2023-24,Prizm,Kobbie Mainoo,,Disco RC,,,5/3/2024,eBay,$7.32,,,,,,,,
,2020-21,Topps Living UCL,Eduardo Camavinga,240,RC,10,,5/5/2024,eBay,$20.81,,,,,,,,
Soccer,1996-97,Panini Calcio,Alessandro Del Piero,131,RC,,,5/5/2024,eBay,$16.89,,,,,,,,
,2023-24,Prizm,Bryce Young,PJ-BY,Premier Jerseys Silver,,,5/4/2024,480 card show,$10.00,,,,,,,,
,2023-24,Prizm Monopoly,Austin Reaves,42,Walking man,,,5/4/2024,480 card show,$15.00,,,,,,,,
Soccer,1996-97,Panini Calcio,Alessandro Del Piero,131,,,,5/5/2024,eBay,$16.89,,,,,,,,
Soccer,1994-95,Upper Deck World Cup,Bebeto,75,,,,5/8/2024,eBay,$2.08,,,,,,,,
Baseball,1993-94,Topps,Derek Jeter,98,Rookie,9,,5/8/2024,eBay,$20.60,,,,,,,,
,2002-03,Panini FIFA World Cup,Ronaldo,37,,,,5/8/2024,eBay,$21.76,,,,,,,,
,1997-98,Upper Deck,David Beckham,18,,8.5,,5/10/2024,eBay,$32.66,,,,,,,,
,2018-19,Donruss Optic,Paul Pogba,133,Silver Prizm,9,,5/11/2024,eBay,$9.45,,,,,,,,
,2016-17,Panini UEFA Euro Prizm,Cristiano Ronaldo,97,,,,5/11/2024,eBay,$10.90,1/15/25,12.75,,,,,1.85,0.1697
,2019-20,Donruss Optic,Zion Williamson,1,"The Rookies, Silver",9,,5/11/2024,eBay,$11.95,,,,,,,,
,2019-20,Donruss Optic,Zion Williamson,158,Rookie Pink Hyper,9,,5/11/2024,eBay,$11.95,,,,,,,,
,2006-07,Panini FIFA World Cup,David Beckham,93,,,,5/11/2024,eBay,$3.07,,,,,,,,
,2006-07,Panini FIFA World Cup,Alessandro Del Piero,130,,10,,5/13/2024,eBay,$72.24,,,,,,,,
,2014-15,Prizm,Davonta Freeman,272,Rookie Panini Logo,,,5/14/2024,eBay,$2.73,,,,,,,,
,2020-21,Topps Finest,Paul Pogba,34,Gold /25,,,5/15/2024,eBay,$19.62,,,,,,,,
,2014-15,Topps Chrome,Johnny Manziel,169,RC Orange,,,5/15/2024,eBay,$3.37,,,,,,,,
,2006-07,Panini FIFA World Cup,Italy,21,,,,5/16/2024,eBay,$8.18,,,,,,,,
,2016-17,Select UEFA,Patrice Evra,,Patch,,,5/16/2024,eBay,$8.18,,,,,,,,
,2006-07,Panini FIFA World Cup,Gigi Buffon,120,,,,5/16/2024,eBay,$8.18,,,,,,,,
,2014-15,Prizm,Paul Pogba,79,,,,5/16/2024,eBay,$8.18,,,,,,,,
,1998-99,Panini FIFA World Cup,Alessandro Del Piero,74,,9,,5/18/2024,eBay,$33.89,,,,,,,,
,2021-22,Prizm,Austin Reaves,165,Silver Prizm,,,5/20/2024,eBay,$8.13,,,,,,,,
,2021-22,SP Authentic,Tiger Woods,68,Authentic Moments,,,5/20/2024,eBay,$1.25,,,,,,,,
,1996-97,Topps Finest,Marcus Camby,82,Refractor RC,,,5/20/2024,eBay,$9.38,,,,,,,,
,2023-24,Prizm,Tyree Wilson,363,Silver Prizm,,,5/20/2024,eBay,$1.70,,,,,,,,
,2021-22,SP Authentic,Justin Thomas,EA-JT,Fairway Phenom,,,5/20/2024,eBay,$1.25,,,,,,,,
,2003-04,Fleer,Alex Rodriguez,NG,Patchworks,,,5/20/2024,eBay,$5.31,,,,,,,,
,2020-21,Select UEFA,Declan Rice,81,RC,,,5/20/2024,eBay,$1.25,,,,,,,,
Basketball,1993-94,Topps Finest,Tony Kukoc,14,Refractor RC,,,5/20/2024,eBay,$33.75,,,,,,,,
,1998-99,Stadium Club,Keith van Horn,T4B,Luminous,,,5/27/2024,eBay,$4.20,,,,,,,,
,1998-99,Stadium Club,Tim Duncan,T6C,Luminous,,,5/27/2024,eBay,$6.28,,,,,,,,
,1998-99,Stadium Club,Hakeem Olajuwon,T9C,Luminous,,,5/27/2024,eBay,$14.23,,,,,,,,
,2014-15,Topps Chrome,Khalil Mack,2,1985 mini refractor /50,,,5/30/2024,eBay,$25.71,,,,,,,,
,,,Patrick Ewing,,,,,,,$0.00,5/29/24,9.84,,,,,9.84,
,,,Calvin Johnson,,,,,,,$0.00,5/29/24,8.49,,,,,8.49,
,2014-15,Elite,Stephon Gilmore,,,,,6/1/0214,Break,$0.00,6/17/24,10,,,,,10.00,
,2022-23,Panini Donruss Optic,Heung-min Son,70,Purple ice /99,,,5/31/2024,Facebook,$5.00,,,,,,,,
,2022-23,Panini Donruss Optic,Christian Pulisic,169,Pink ice /25,,,5/31/2024,Facebook,$5.00,7/23/24,17.89,,,,,12.89,2.5780
,2022-23,Panini Donruss Optic,Antoine Griezmann,12,Pink ice /25,,,5/31/2024,Facebook,$5.00,6/17/24,19.65,,,,,14.65,2.9300
,2022-23,Panini Donruss,Cristiano Ronaldo,18,Marvels,,,5/31/2024,Facebook,$5.00,,,,,,,,
,2023-24,Topps Chrome UEFA UCL,Karim Benzema,ROY-KB,,,,5/31/2024,Facebook,$3.00,7/2/24,2.88,,,,,-0.12,-0.0400
,2022-23,Donruss,Tyler Adams,173,Purple sparkle /99,,,5/31/2024,Facebook,$5.00,,,,,,,,
,2022-23,Donruss,Enzo Fernandez,6,Rookie Kings,,,5/31/2024,Facebook,$5.00,,,,,,,,
,2022-23,Topps Chrome UEFA UCL,Kylian Mbappé,BB-10,Best of the Best,,,5/31/2024,Facebook,$5.00,1/15/25,4.25,,,,,-0.75,-0.1500
,2022-23,Topps Chrome UEFA UCL,Kaka,198,Legends Green /199,,,5/31/2024,Facebook,$5.00,7/11/24,4.06,,,,,-0.94,-0.1880
,2022-23,Donruss,John Arne Riise,BA-JAR,Auto,,,5/31/2024,Facebook,$5.00,6/17/24,6,,,,,1.00,0.2000
,2022-23,Topps Match Attax,Kingsley Coman,,UCL Title Winner,,,5/31/2024,Facebook,$5.00,7/18/24,4.48,,,,,-0.52,-0.1040
,2022-23,Topps Chrome UEFA UCL,Heung-min Son,5,Yellow foil /299,,,5/31/2024,Facebook,$5.00,,,,,,,,
,2022-23,Illusions,De’Von Achane,9,Mystique,,,5/31/2024,Facebook,$5.00,,,,,,,,
,2022-23,Select UEFA,Tim Howard,SS-TH,Blue Auto,,,5/31/2024,Facebook,$5.00,6/25/24,9.06,,,,,4.06,0.8120
,2021-22,Mosaic,LeBron James,298,Green,,,5/31/2024,Facebook,$2.00,,,,,,,,
,2022-23,Bowman Chrome,Aaron Judge,59,Mojo refractor,,,5/31/2024,Facebook,$0.00,,,,,,,,
,2022-23,Bowman,Shohei Ohtani,51,,,,5/31/2024,Facebook,$0.00,,,,,,,,
,2022-23,Donruss,Ja’Maar Chase,196,Press Proof Gold,,,5/31/2024,Facebook,$20.00,8/3/24,20,,,,,0.00,0.0000
,2020-21,Topps Finest UEFA UCL,Youssoufa Moukoko,29,,,,6/2/2024,Santa Clara card show,$4.00,,,,,,,,
,2020-21,Topps Chrome UEFA UCL,Youssoufa Moukoko,55,RC blue ice,,,6/2/2024,Santa Clara card show,$5.00,,,,,,,,
,2022-23,Select Premier League,Alejandro Garnacho,244,RC Multicolor,,,6/2/2024,Santa Clara card show,$8.00,,,,,,,,
,2022-23,Select Premier League,Alejandro Garnacho,244,RC Red,,,6/2/2024,Santa Clara card show,$8.00,,,,,,,,
,2014-15,Topps Chrome,Johnny Manziel,169,RC auto,Authentic,,6/2/2024,Santa Clara card show,$35.00,,,,,,,,
,,,Antony,,,,,5/31/2024,eBay,$16.40,,,,,,,,
,,,van der Saar,,,,,5/31/2024,eBay,$16.40,,,,,,,,
,2023-24,Skybox Metal Universe Champions,Joel Dahmen,,PMG Red RC /100,,,6/5/2024,eBay,$10.50,,,,,,,,
,2023-24,Donruss,Steph Curry,1,Bomb Squad Pink /50,,,6/6/2024,eBay,$64.31,,,,,,,,
,2008-09,Topps Chrome,Pau Gasol,16,Refractor,,,6/12/2024,eBay,$16.35,,,,,,,,
,2008-09,Topps,Pau Gasol,16,Gold Border /2008,,,6/12/2024,eBay,$4.38,,,,,,,,
,2016-17,Panini Gold Standard,Luol Deng,,Black Refractor /15,,,6/12/2024,eBay,$7.64,,,,,,,,
,2023-24,Bowman Chrome University,Cameron Brink,75,RC,,,6/12/2024,eBay,$2.69,,,,,,,,
,2022’,Topps Carnaval UEFA,Jadon Sancho,186,Orange Samba /25,,,6/12/2024,eBay,$3.71,,,,,,,,
,2023-24,Prizm,Kobbie Mainoo,,Orange Hyper,,,6/12/2024,eBay,$24.98,,,,,,,,
,2023-24,Bowman Chrome University,Angel Reese,49,RC,,,6/12/2024,eBay,$2.69,,,,,,,,
,2020-21,Topps UEFA Champions League,Cole Palmer,80,RC,,,6/12/2024,eBay,$2.69,,,,,,,,
,2023-24,Prizm,James Ward-Prowse,,Red Lazer /49,,,6/12/2024,eBay,$2.69,,,,,,,,
,2022-23,Panini FIFA World Cup,Nicky Butt,NBT,Auto Gold Breakaway /10,,,6/12/2024,eBay,$75.60,,,,,,,,
,2023-24,Prizm,Bryce Young,311,Green RC,,,6/15/2024,SJ Card Show,$20.00,,,,,,,,
,2023-24,Prizm,Rashee Rice,350,Neon Green Pulsar RC,,,6/15/2024,SJ Card Show,$5.00,,,,,,,,
,2020-21,Donruss Optic,Justin Herbert,153,Blue Hyoper Prizm RC,SGC 9.5,,6/15/2024,SJ Card Show,$115.00,,,,,,,,
,2023-24,Mosaic,Jammer Gibbs,324,Reactive Blue RC,,,6/15/2024,SJ Card Show,$5.00,,,,,,,,
,2023-24,Prizm,Davante Adams,171,Purple Ice,10,,6/15/2024,SJ Card Show,$25.00,6/19/24,29.92,,,,,4.92,0.1968
,2023-24,Prizm,Jordan Addison,368,Purple Pulsar RC,10,,6/15/2024,SJ Card Show,$100.00,,,,,,,,
,2021-22,Leaf Metal Draft,Amon-ra St Brown,BA-ARS,/20 Auto,,,6/15/2024,SJ Card Show,$25.00,,,,,,,,
,2020-21,Spectra,Jason Williams,IL,/25 auto,,,6/18/2024,Facebook,$51.50,,,,,,,,
,2023-24,Prizm,Bryce Young,311,RWB RC,,,6/18/2024,Facebook,$15.45,,,,,,,,
,1996-97,Flair Showcase,Kobe Bryant,Row 2 Seat 31,RC,,,6/18/2024,Facebook,$63.86,,,,,,,,
,2020-21,Prizm,Chase Young,383,Silver Auto RC,,,6/19/2024,eBay,$27.28,,,,,,,,
,2014-15,Prizm,Jadaveon Clowney,285,Shield RC /75,,,6/19/2024,eBay,$14.81,,,,,,,,
,2023-24,Prizm,Jordan Addison,368,Blue Shimmer /99 RC,9,,6/20/2024,Facebook,$135.00,,,,,,,,
,2023-24,Spectra,Anthony Richardson,,Rookie patch /25,,,6/20/2024,Facebook,$80.00,,,,,,,,
,2021-22,Legacy,Jaylen Waddle,FP-JW,Patch auto yellow diamond /10,,,6/20/2024,Facebook,$105.00,,,,,,,,
,2020-21,Prizm,Chase Young,383,Pink Auto RC,,,6/20/2024,eBay,$79.84,,,,,,,,
,,,Michael Jordan,23,,,,6/20/2024,Facebook,$10.00,,,,,,,,
,,,Kobe Bryant,TT2,,,,6/20/2024,Facebook,$15.00,,,,,,,,
,,,Allen Iverson,,Electrifying,,,6/20/2024,Facebook,$35.00,,,,,,,,
,,,Michael Jordan,,Boss,,,6/20/2024,Facebook,$26.00,,,,,,,,
,,,Michael Jordan,SQ30,,,,6/20/2024,Facebook,$5.00,,,,,,,,
,,,Kobe Bryant,81,,,,6/20/2024,Facebook,$15.00,,,,,,,,
,,,Kobe Bryant,SQ13,,,,6/20/2024,Facebook,$1.00,,,,,,,,
,,,Kobe Bryant,171,,,,6/20/2024,Facebook,$3.00,,,,,,,,
,,,Michael Jordan,212,,,,6/20/2024,Facebook,$10.00,,,,,,,,
,2022-23,Select Premier League,Alejandro Garnacho,244,RC Red,,,6/26/2024,Whatnot,$5.00,,,,,,,,
,,,Alejandro Garnacho,,,,,6/26/2024,Whatnot,$5.00,1/15/25,5.1,,,,,0.10,0.0200
,,,Alejandro Garnacho,,,,,6/26/2024,Whatnot,$5.00,1/15/25,5.1,,,,,0.10,0.0200
,,,Alejandro Garnacho,,,,,6/26/2024,Whatnot,$5.00,,,,,,,,
,1998-99,Topps Chrome,Dikembe Mutombo,SB24,Refractor,,,6/30/2024,eBay,$7.94,,,,,,,,
,2001-02,Flair Showcase,Mike Bibby,,Auto,,,6/30/2024,eBay,$1.83,,,,,,,,
,2023-24,Select La Liga,Mason Greenwood,,Green /5,,,6/23/2024,eBay,$30.37,,,,,,,,
,2020-21,Prizm,Mason Greenwood,15,Silver Prizm,,,6/20/2024,eBay,$2.20,,,,,,,,
,2006-07,Panini FIFA World Cup,Cristiano Ronaldo,169,,9,,7/4/2024,eBay,$211.40,,,,,,,,
,2022-23,Revolution,Jonny Evans,,/15,,,7/7/2024,eBay,$5.02,,,,,,,,
,1996-97,Fleer Metal,Kobe Bryant,181,RC,,,7/22/2024,eBay,$12.50,,,,,,,,
,,Prizm,Ruud van Nistelrooy,,red auto,,,7/25/2024,Facebook,$40.00,,,,,,,,
,2008-09,Modena,Lionel Messi,217,,6,,7/25/2024,Facebook,$57.00,,,,,,,,
,2008-09,Modena,Cristiano Ronaldo,222,,6,,7/25/2024,Facebook,$57.00,,,,,,,,
,2021-22,Mosaic,Scott McTominay,SM-SMT,Gold script auto /25,"10, 9.5",,7/26/2024,eBay,$81.03,,,,,,,,
,2023-24,Donruss,David Beckham,,/199 auto,,,7/28/2024,eBay,$174.26,,,,,,,,
,2022-23,Topps Finest,Cristiano Ronaldo,PF10,Green Lava /99,10,,7/29/2024,eBay,$212.60,,,,,,,,
,2020-21,Prizm,Marcus Rashford,12,Kaboom,,,7/29/2024,eBay,$146.31,,,,,,,,
,,SP Authentic,Michelle Wie,,Rookie Auto,,,8/3/2024,eBay,$73.69,,,,,,,,
,2023-24,Prizm,Austin Reaves,,Silver Prizm,,,8/3/2024,eBay,$2.00,,,,,,,,
,2020-21,Topps Chrome UEFA UCL,Brandon Williams,,Aqua /199,,,8/3/2024,eBay,$2.00,,,,,,,,
,2023-24,Crown Royale,Jalen Hood-Schinfino,100,RC,,,8/3/2024,eBay,$2.00,,,,,,,,
,2014-15,Panini FIFA World Cup,Ronaldo Messi,19,Yellow Red Pulsar,PSA 8,,8/1/2024,eBay,$448.95,,,,,,,,
,1997-98,Metal Universe,Kobe Bryant,3,Planet Metal,6,,8/3/2024,East Bay,$130.00,,,,,,,,
,1999-2000,Skybox,Jud Buechler,,Auto,,,8/4/2024,eBay,$9.59,,,,,,,,
,2023-24,Topps Chrome,Roy Keane/Paul Scholes,,Auto /25,,,8/11/2024,eBay,$241.82,,,,,,,,
,1996-97,Topps,Kobe Bryant,138,RC,9,,8/11/2024,Facebook,$123.00,,,,,,,,
,2023-24,Donruss,David Beckham,25,Kaboom,,,8/11/2004,eBay,$378.74,,,,,,,,
,2023-24,Topps Chrome,Andy Cole/Dwight Yorke,,Auto /25,,,8/12/2024,eBay,$217.27,,,,,,,,
,2023-24,Prizm,Kobbie Mainoo,,Emergent /5,,,8/20/2024,eBay,$370.38,,,,,,,,
,,Immaculate,Diogo Dalot,,/98,,,9/15/2024,HK,$12.82,,,,,,,,
,,Indelible,Aaron Wan-Bissaka,,Auto /95,,,9/15/2024,HK,$41.03,,,,,,,,
,1997-98,Topps,Dennis Rodman,,Rock Stars,9,,2/22/2025,SJ Card Show,$50.00,,,,,,,,
,1997-98,SP Authentic,Dennis Rodman,,Profiles,4,,2/22/2025,SJ Card Show,$10.00,,,,,,,,
,1998-99,Topps Stadium Club,Alonzo Mourning,,Illuminator,8,,2/22/2025,SJ Card Show,$60.00,,,,,,,,
,1996-97,Merlin Premier Gold,Spurs lot,,,,,,,$0.00,8/28/24,10.5,,,,,10.50,
,1996-97,Merlin Premier Gold,West ham lot,,,,,,,$0.00,8/28/24,10.5,,,,,10.50,
,,,Ronaldo,15,Rookie,BGS 9.5,,10/12/2024,,$878.48,,,,,,,,
,,,Ronda Rousey,,Kaboom,PSA 10,,11/4/2024,,$494.29,,,,,,,,
,,,van der Saar,,Gold auto /5,10,,11/12/2024,,$220.60,,,,,,,,
,,,Scott McTominay,,Gold /10,,,11/15/2024,,$60.62,,,,,,,,
,,,Kobbie Mainoo,,RC /99 patch,,,11/16/2024,,$40.58,,,,,,,,
,,,Davante Adams,,Downtown,,,11/16/2024,,$303.42,,,,,,,,
,,,Andre Onana,,Gold /10,,,11/20/2024,,$17.18,,,,,,,,
,,,Chicharito,,National Landmarks,,,12/2/2024,,$185.20,,,,,,,,
,,,Mason Greenwood,,Green /9,,,12/6/2024,,$42.49,,,,,,,,
,,,Alex Ferguson,,,,,12/18/2024,,$47.79,,,,,,,,
,,,Jose Mourinho,,Manager Rookie,6,,12/18/2024,,$109.03,,,,,,,,
,,,Bobby Charlton,,,,,12/18/2024,,$82.64,,,,,,,,
,,,Bobby Charlton,,Cadet Sweets,9,,12/19/2024,,$115.55,,,,,,,,
,,,Hakeem Olajuwon,,Triiumvirate,,,12/28/2024,,$37.90,,,,,,,,
,,,Rickie Fowler,,Rookie auto,Authentic,,2/24/2025,,$116.29,,,,,,,,
,,,Ian Harkes,,Orange /25,,,2/25/2025,,$36.00,,,,,,,,
,,,Amad Diallo,,Gold /10,,,3/1/2025,,$179.70,,,,,,,,
,,,Scott McTominay,,Match worn /10,,,3/2/2025,,$87.00,,,,,,,,
,,,Kobbie Mainoo,,RC Gold /10,,,3/3/2025,,$244.00,,,,,,,,
,,,Mason Greenwood,,Gold /10,,,3/22/2025,,$103.18,,,,,,,,
,,,Tiger Woods,,PMG red /100,8,,3/28/2025,,$296.53,,,,,,,,
,,,Colin Morikawa,,PMG blue /50,,,4/2/2025,,$18.20,,,,,,,,
,,,Tiger Woods,,Jambalaya,,,4/4/2025,,$139.40,,,,,,,,
,,,Scott McTominay,,Green /5,,,4/11/2025,,$70.21,,,,,,,,
,,,Scott McTominay,,White Sparkle,,,4/18/2025,,$30.79,,,,,,,,
,,,Casemiro,,Purple breakaway /25,,,4/18/2025,,$9.45,,,,,,,,
,,,Scott McTominay,,Gold /10,,,4/20/2025,,$46.02,,,,,,,,
,,,Dennis Rodman,,Refractor,9,,4/30/2025,,$246.90,,,,,,,,
,,,Victor Oshimhen,,Kaboom,,,5/4/2025,,$140.96,,,,,,,,
,,,Kobbie Mainoo,,Gold /10,,,5/7/2025,,$107.59,,,,,,,,
,,,Leny Yoro,,Green /5,,,5/11/2025,,$83.60,,,,,,,,
,,,Toby Collyer,,RC Green /5,,,5/11/2025,,$186.53,,,,,,,,
,,,Max Homa,,Essential Credential,,,5/17/2025,,$30.35,,,,,,,,
,,,Toby Collyer,,RC auto /99,,,5/18/2025,,$59.26,,,,,,,,
,,,Max Homa,,Jambalaya,,,5/19/2025,,$38.76,,,,,,,,
,,,Gylfi Sigurdsson,,Kaboom,,,5/29/2025,,$55.23,,,,,,,,
,,,Kelechi Osemele,,RC Gold /2012,,,5/30/2025,,$2.07,,,,,,,,
,,,Mason Greenwood,,Color Blast,,,5/31/2025,,$141.38,,,,,,,,
,,,Scottie Pippen,,Dunk’n Go Nuts,8.5,,6/3/2025,,$212.62,,,,,,,,
,,,Cristiano Ronaldo,,Silver,9,,6/17/2025,,$376.10,,,,,,,,
,,,Ian Harkes,,,,,6/25/2025,,$2.73,,,,,,,,
,,,Ian Harkes,,/75,,,6/25/2025,,$6.02,,,,,,,,
,,,Rose Zhang,,PMG green /10,,,7/9/2025,,$92.59,,,,,,,,
Pokemon,,,Machoke,177,,10,,4/21/24,,$25.00,,,,,,,,
Pokemon,,,Ivysaur,167,,,,4/21/24,,$5.00,,,,,,,,
Pokemon,,,Watortle,171,,,,4/21/24,,$5.00,,,,,,,,
Pokemon,,,Snorlax,11,,,,5/4/24,,$15.00,,,,,,,,
Pokemon,,,Venusaur,,,,,5/4/24,,$15.00,,,,,,,,
Pokemon,,,Dark Gyarados,,,,,5/4/24,,$15.00,,,,,,,,
Pokemon,,,Venusaur,,1st ed,8,,7/27/25,,$2000.00,,,,,,,,
Pokemon,,,Venusaur,,Shadowless,8,,7/30/25,,$450.00,,,,,,,,
Pokemon,,,Blastoise,,Shadowless,9,,7/30/25,,$1500.00,,,,,,,,
Pokemon,1999,Pokemon Game,Charizard,4,1st Edition Holo,CGC 8,,2025-08-28,Facebook,13000,,,,,,,,
Pokemon,1999,Pokemon Game,Blastoise,2,1st Edition Holo,BGS 9,,2026-05-27,eBay,7000,,,,,,,,
Basketball,1997,Skybox E-X2001,Dennis Rodman,3JB,Jambalaya,BGS 9,,2025-12-19,eBay,3525,,,,,,,,
Pokemon,1999,Pokemon Game,Charizard,4,Shadowless Holo,PSA 7,,2026-07-03,eBay,3050,,,,,,,,
Pokemon,1999,Pokemon Game,Venusaur,15,1st Edition Holo,PSA 8,,2025-07-27,Facebook,2000,,,,,,,,
Golf,2013,Upper Deck Employee Exclusive,Rory McIlroy,,Precious Metal Gems - Purple /125,Raw,,2025-11-24,eBay,1819.56,,,,,,,,
Football,2012,Upper Deck,Jordan James,UD2012,,PSA 9,,2025-09-09,eBay,1500,,,,,,,,
Basketball,1998,Skybox E-X Century,Allen Iverson,5DG,Dunk 'N Go-Nuts,PSA 9,,2025-11-13,eBay,870,,,,,,,,
Basketball,1997,Skybox E-X2001,Keith Van Horn,9JB,Jambalaya,BGS 9,,2025-09-18,eBay,645.02,,,,,,,,
Soccer,2014,Prizm World Cup,Cristiano Ronaldo,161,Silver,PSA 9,,2024-06-17,eBay,338,,,,,,,,
Soccer,2021,Prizm Premier League,Mason Greenwood,,,PSA 10,,2026-03-18,eBay,250,,,,,,,,
Soccer,2006,Panini World Cup,Cristiano Ronaldo,169,Base,PSA 9,,2024-07-04,eBay,189,,,,,,,,
Hockey,2021,Skybox Metal Universe Champions,Bryson DeChambeau,,,PSA 8,,2025-11-21,eBay,137.5,,,,,,,,
Pokemon,1999,Pokemon Game,Snorlax,,,,,8/5/25,eBay,189.7,,,,,,,,
Soccer,2024,Prizm,Kobbie Mainoo,,Green /5,,,11/1/25,,54.28,,,,,,,,
Dragon Ball,1988,Bandai Carddass,Goku,,,PSA 4,,4/15/26,,569.95,,,,,,,,
Captain Tsubasa,1980,Menko,Tsubasa,,,,,4/15/26,,273.75,,,,,,,,
Basketball,1997,E-X2001 Jambalaya,Grant Hill,,,BGS 8.5,,7/26/26,,985.5,,,,,,,,
Basketball,1998,Topps Roundball Royalty,Anfernee Hardaway,,Refractor,PSA 9,,8/2/26,,465.99,,,,,,,,
Basketball,1998,Topps Stadium Club Triumvirate,Antawn Jamison,,Illuminator,,,8/2/26,,36.15,,,,,,,,
Basketball,1997,Skybox Metal Universe,Dikembe Mutombo,,Precious Metal Gems,Authentic,,3/20/26,Goldin,2806,,,,,,,,
Basketball,1996,E-X2000,David Robinson,,Credentials,PSA 8,,3/26/26,Goldin,854,,,,,,,,
Pokemon,1999,Pokemon Game,Venusaur,,1st Ed. Chinese,BGS 8.5,,8/8/25,Goldin,439,,,,,,,,
Pokémon,2025,Journey Together,Lillie’s Clefairy,,,,,8/1/26,Card show,110,,,,,,,,
Pokémon,2003,Best of Game,Team Rocket’s Mewtwo,,Winner stamp,,,8/1/26,Card show,900,,,,,,,,
Final Fantasy,2025,Commander Japanese,Tifa,,,BGS 10,,8/1/26,Card show,600,,,,,,,,
Pokémon,1996,Base,Raichu,,With rarity symbol,,,8/1/26,Card show,300,,,,,,,,
Pokémon,2025,Phantasmal Flames,Meowth,,,,,7/18/26,Card show,25,,,,,,,,
Pokémon,2019,Unified Minds,Mewtwo & Mew GX,SM11,,,,7/18/26,Card show,125,,,,,,,,
